nom,RA,Dec,Tmag,n_candidats,periodes,snr_max,verdict_auto,raisons_auto,n_secteurs,secondes,status
TIC 250410255,30.9188,-4.104,4.01,0,,,,,2,12.8,ok
TIC 143206598,90.3179,-33.912,4.02,0,,,,,5,23.0,ok
TIC 326242565,41.2783,-18.5723,4.03,0,,,,,3,16.0,ok
TIC 65903024,108.7026,-26.7726,4.05,0,,,,,6,26.5,ok
TIC 34143703,94.4237,-16.8159,4.05,0,,,,,3,13.4,ok
TIC 346888622,117.4221,-17.2293,4.06,0,,,,,4,16.9,ok
TIC 107415639,111.0237,-29.3031,4.06,0,,,,,4,17.6,ok
TIC 49706390,95.983,-25.5779,4.08,0,,,,,3,12.9,ok
TIC 412350992,110.5962,-20.5066,4.09,0,,,,,3,13.4,ok
TIC 20069221,88.875,-37.1208,4.09,0,,,,,6,28.2,ok
TIC 119489880,97.8956,-36.9395,4.16,0,,,,,4,17.4,ok
TIC 147800169,98.456,-36.2313,4.18,0,,,,,5,20.3,ok
TIC 290170765,32.1902,-17.7793,4.18,0,,,,,3,15.5,ok
TIC 445062554,91.2463,-16.4845,4.18,0,,,,,3,14.0,ok
TIC 52172862,99.4494,-32.3393,4.19,0,,,,,4,17.3,ok
TIC 114924130,72.5488,-16.2168,4.19,0,,,,,3,15.8,ok
TIC 51832266,97.8498,-32.8685,4.2,0,,,,,3,14.2,ok
TIC 121089827,57.1485,-20.9031,4.23,0,,,,,2,9.2,ok
TIC 148109427,105.9396,-15.6334,4.24,0,,,,,3,15.7,ok
TIC 461714424,59.8756,-12.5747,4.25,0,,,,,2,9.9,ok
TIC 34257670,94.7033,-15.0249,4.25,0,,,,,3,17.1,ok
TIC 139922508,115.3481,-22.3366,4.26,0,,,,,3,16.1,ok
TIC 37772171,94.0075,-27.5098,4.28,0,,,,,3,15.9,ok
TIC 4746245,39.8921,-11.8739,4.29,0,,,,,2,8.8,ok
TIC 66604391,38.0212,-15.2456,4.29,0,,,,,3,14.4,ok
TIC 79215518,103.9064,-20.1362,4.31,0,,,,,4,17.4,ok
TIC 136887637,61.0783,-15.7253,4.33,0,,,,,2,9.3,ok
TIC 54071353,23.9958,-15.4001,4.34,0,,,,,3,15.8,ok
TIC 423480264,71.2675,-21.2835,4.38,0,,,,,2,12.0,ok
TIC 441152806,41.0305,-13.8589,4.38,0,,,,,2,9.4,ok
TIC 24910738,27.3951,-10.6871,4.39,0,,,,,3,14.4,ok
TIC 119518289,98.0898,-37.6973,4.39,0,,,,,5,20.9,ok
TIC 170882932,70.7885,-30.7661,4.41,0,,,,,3,14.6,ok
TIC 192847293,83.2147,-38.5135,4.43,0,,,,,6,26.9,ok
TIC 127493611,117.0215,-25.9371,4.43,0,,,,,4,17.7,ok
TIC 61405251,102.5906,-17.0846,4.45,0,,,,,4,17.6,ok
TIC 111746359,111.1825,-31.8088,4.46,0,,,,,5,20.9,ok
TIC 106412328,109.7136,-26.5858,4.46,0,,,,,6,25.0,ok
TIC 146908355,104.0342,-17.0542,4.46,0,,,,,4,16.6,ok
TIC 279493836,59.1153,-13.5975,4.49,0,,,,,2,9.3,ok
TIC 166713077,55.7919,-31.0193,4.49,0,,,,,1,5.2,ok
TIC 64031281,37.6367,-22.5455,4.52,0,,,,,3,14.3,ok
TIC 117776994,69.8331,-14.3601,4.52,0,,,,,2,11.1,ok
TIC 4674183,38.678,-7.8599,4.52,0,,,,,2,8.9,ok
TIC 65903780,108.7128,-27.0382,4.53,0,,,,,6,24.6,ok
TIC 143108992,89.3842,-35.2832,4.54,0,,,,,6,26.5,ok
TIC 100508573,85.8105,-33.4249,4.55,0,,,,,6,26.7,ok
TIC 48096583,98.7642,-22.9647,4.57,0,,,,,2,9.1,ok
TIC 167458584,17.8221,-13.5033,4.57,0,,,,,?,0.8,erreur
TIC 31053527,80.4426,-24.7731,4.57,0,,,,,4,18.6,ok
TIC 5214630,112.4642,-23.0243,4.57,0,,,,,3,13.1,ok
TIC 393388737,94.2551,-37.7368,4.58,0,,,,,5,24.7,ok
TIC 114477338,114.342,-34.9684,4.58,0,,,,,5,21.0,ok
TIC 127574614,117.2567,-24.9121,4.6,0,,,,,4,16.9,ok
TIC 279342892,35.6371,-23.8168,4.6,0,,,,,4,18.3,ok
TIC 334352535,116.9383,-16.0145,4.6,0,,,,,4,16.9,ok
TIC 47642672,97.5493,-19.2151,4.63,0,,,,,2,9.0,ok
TIC 151845521,119.417,-30.3345,4.63,0,,,,,5,19.7,ok
TIC 65052060,107.5804,-27.4915,4.63,0,,,,,6,24.5,ok
TIC 64841664,107.429,-27.8833,4.63,0,,,,,6,24.2,ok
TIC 97508002,44.5245,-23.6056,4.63,0,,,,,3,14.7,ok
TIC 99615978,108.3503,-22.6745,4.64,0,,,,,5,20.5,ok
TIC 23037766,109.5765,-36.7339,4.64,0,,,,,6,24.1,ok
TIC 150796339,118.0635,-34.7037,4.64,0,,,,,5,20.4,ok
TIC 231339279,97.0424,-32.5799,4.65,0,,,,,4,16.1,ok
TIC 110798652,114.7076,-26.8037,4.65,0,,,,,4,16.7,ok
TIC 306476702,91.5387,-14.9352,4.65,0,,,,,3,12.8,ok
TIC 47763235,97.964,-23.4184,4.65,0,,23.9,,,3,18.4,ok
TIC 92982886,27.9422,-15.6475,4.66,0,,,,,3,14.1,ok
TIC 140213635,84.9575,-32.6295,4.66,0,,,,,6,25.9,ok
TIC 77288515,70.5149,-37.1427,4.67,0,,,,,5,22.3,ok
TIC 151270857,118.6662,-34.8468,4.68,0,,,,,4,17.0,ok
TIC 47636304,104.1912,-23.9654,4.68,0,,,,,4,16.2,ok
TIC 166762393,56.9837,-30.1696,4.68,0,,,,,2,8.9,ok
TIC 146439619,75.6879,-22.7949,4.69,0,,,,,2,10.3,ok
TIC 1034389,34.2467,-6.4229,4.69,0,,,,,3,14.9,ok
TIC 334057598,116.4869,-14.5638,4.7,0,,,,,4,17.1,ok
TIC 456821664,113.3317,-19.413,4.7,0,,,,,3,13.0,ok
TIC 136888305,61.0948,-12.7922,4.71,0,,,,,2,9.2,ok
TIC 65803653,108.5633,-26.3525,4.72,0,,,,,6,24.3,ok
TIC 92281021,50.3499,-23.6353,4.72,0,,,,,2,8.9,ok
TIC 59712991,93.785,-20.272,4.72,0,,,,,2,8.6,ok
TIC 52316632,99.9277,-30.4719,4.73,0,,,,,3,12.4,ok
TIC 21726745,88.1386,-37.6313,4.74,0,,,,,6,25.8,ok
TIC 178995938,70.0278,-24.4822,4.74,0,,,,,3,14.5,ok
TIC 409545220,110.2428,-14.3605,4.75,0,,,,,4,16.8,ok
TIC 118653173,53.9905,-11.1932,4.76,0,,,,,1,5.2,ok
TIC 109979453,113.8449,-28.3694,4.76,0,,,,,4,16.5,ok
TIC 110606015,114.5752,-25.3649,4.76,0,,,,,4,16.6,ok
TIC 241630725,25.9781,-4.7657,4.77,0,,,,,3,14.7,ok
TIC 346566694,97.156,-17.4659,4.77,0,,,,,3,13.0,ok
TIC 237405445,96.0041,-36.7074,4.77,0,,,,,4,18.0,ok
TIC 149672905,116.3935,-34.1598,4.78,1,22.7652,10.1,,,5,30.3,ok
TIC 89240397,58.4282,-24.6123,4.78,0,,,,,2,9.1,ok
TIC 24980349,29.6154,-7.0782,4.79,0,,,,,0,3.3,aucune_donnee
TIC 126263146,115.7006,-26.3515,4.79,0,,,,,4,16.8,ok
TIC 419237698,120.7672,-32.4635,4.79,0,,,,,5,19.9,ok
TIC 110798661,114.7056,-26.8017,4.79,0,,,,,4,21.8,ok
TIC 141933991,117.9289,-21.1734,4.8,0,,,,,4,16.8,ok
TIC 44737687,60.891,-25.8479,4.8,0,,,,,3,12.8,ok
TIC 241392984,24.4671,-3.4408,4.8,0,,,,,3,14.4,ok
TIC 37498177,92.6444,-27.1548,4.81,0,,,,,4,18.1,ok
TIC 24531951,83.2817,-35.1396,4.82,0,,,,,6,25.6,ok
TIC 12546791,52.0039,-11.2869,4.82,0,,,,,2,8.8,ok
TIC 32500750,84.4356,-28.6894,4.83,0,,,,,5,21.4,ok
TIC 24608852,83.8147,-33.0789,4.83,0,,,,,6,26.0,ok
TIC 14162789,77.8992,-37.3952,4.83,0,,,,,3,14.6,ok
TIC 70987842,65.1725,-16.8299,4.84,0,,,,,2,9.3,ok
TIC 48233427,99.2316,-22.2667,4.85,0,,,,,2,9.8,ok
TIC 108186406,112.0081,-26.8389,4.86,0,,,,,3,12.8,ok
TIC 408131298,34.5358,-14.1335,4.86,0,,,,,3,15.4,ok
TIC 63958035,36.6474,-20.0419,4.86,0,,,,,3,14.6,ok
TIC 289731220,36.4874,-12.2905,4.88,0,,,,,3,14.6,ok
TIC 122541607,39.0385,-30.045,4.88,0,,,,,4,18.0,ok
TIC 302382936,32.89,-17.743,4.88,0,,,,,3,14.5,ok
TIC 109728592,113.6446,-27.0117,4.89,0,,,,,4,16.8,ok
TIC 117979951,71.9022,-16.9332,4.9,0,,,,,3,14.8,ok
TIC 334352580,116.9105,-15.9907,4.9,0,,,,,4,17.4,ok
TIC 246927556,73.7785,-16.7407,4.91,0,,,,,3,14.7,ok
TIC 34660558,95.9423,-15.0712,4.92,0,,,,,3,12.8,ok
TIC 152085965,119.7032,-32.5767,4.92,0,,,,,4,16.2,ok
TIC 406449768,31.0524,-11.8598,4.93,0,,,,,2,11.9,ok
TIC 141326842,45.4842,-9.9614,4.93,0,,,,,2,9.1,ok
TIC 139733885,67.1629,-19.4597,4.93,0,,,,,3,14.9,ok
TIC 60001765,94.9087,-22.103,4.94,0,,,,,3,13.1,ok
TIC 97279089,106.3074,-35.9398,4.94,0,,,,,7,28.3,ok
TIC 231376711,115.0563,-19.6608,4.94,0,,,,,4,16.8,ok
TIC 246930866,73.8278,-16.4174,4.94,0,,,,,3,14.6,ok
TIC 1521078,75.595,-31.7707,4.95,0,,,,,3,15.3,ok
TIC 146423464,75.3569,-20.052,4.95,0,,,,,2,10.7,ok
TIC 50483564,112.3959,-17.574,4.96,0,,,,,4,18.0,ok
TIC 212381865,27.566,-12.8869,4.96,0,,,,,3,14.2,ok
TIC 81326854,106.6066,-23.0905,4.96,0,,,,,4,16.7,ok
TIC 48170827,99.0951,-18.6598,4.96,0,,,,,0,3.0,aucune_donnee
TIC 46687999,85.5602,-17.5303,4.97,0,,,,,3,14.6,ok
TIC 326262576,43.3979,-22.3769,4.98,0,,,,,3,14.5,ok
TIC 33492996,26.4129,-25.053,4.98,0,,,,,2,10.5,ok
TIC 123575739,89.0604,-22.8397,4.99,0,,,,,4,18.1,ok
TIC 299135660,21.9453,-10.9015,4.99,0,,,,,3,14.3,ok
TIC 229075874,63.2001,-23.8212,4.99,0,,,,,4,16.6,ok
TIC 412346654,110.5564,-19.0166,4.99,0,,,,,5,20.7,ok
TIC 146471505,76.2119,-21.9048,5.0,0,,,,,3,14.4,ok
TIC 268804144,33.2546,-20.9998,5.0,0,,,,,3,14.3,ok
TIC 316971749,74.9015,-14.8063,5.0,0,,,,,2,11.0,ok
TIC 49383411,101.8158,-20.3251,5.0,0,,,,,3,12.9,ok
TIC 49187883,101.3472,-23.4623,5.03,0,,,,,4,16.2,ok
TIC 100775794,88.2786,-33.8011,5.04,0,,,,,6,25.9,ok
TIC 63041201,104.391,-24.6301,5.04,0,,,,,4,16.8,ok
TIC 65291439,38.4611,-28.2324,5.04,0,,,,,4,18.0,ok
TIC 257484148,30.7442,-15.3059,5.05,0,,,,,3,14.6,ok
TIC 78897024,103.3871,-20.2242,5.05,0,,17.0,,,4,25.1,ok
TIC 80954757,106.1962,-22.0319,5.07,0,,,,,4,17.0,ok
TIC 59711151,93.8243,-18.4776,5.07,0,,,,,1,5.7,ok
TIC 141650303,117.5236,-19.5235,5.07,0,,,,,4,16.6,ok
TIC 289014983,114.8508,-16.8474,5.08,0,,,,,4,16.8,ok
TIC 51830556,97.8045,-35.2588,5.08,0,,,,,3,12.6,ok
TIC 127975080,117.5814,-27.9725,5.08,0,,,,,3,13.2,ok
TIC 117766185,96.375,-35.0645,5.09,0,,,,,3,12.4,ok
TIC 393296309,91.8818,-37.2529,5.09,0,,,,,4,19.9,ok
TIC 32543519,84.5287,-27.2108,5.09,0,,,,,5,22.3,ok
TIC 140959168,116.6122,-21.5455,5.09,0,,,,,2,9.3,ok
TIC 117799456,70.1366,-14.2008,5.09,0,,,,,2,11.2,ok
TIC 408130113,35.5075,-10.7781,5.09,0,,,,,3,14.5,ok
TIC 92939974,83.5659,-18.8121,5.1,0,,,,,3,13.0,ok
TIC 170697643,67.6681,-35.6533,5.1,0,,,,,5,22.5,ok
TIC 144598569,53.1111,-25.6586,5.1,0,,,,,1,5.2,ok
TIC 423763376,51.5939,-27.3171,5.11,0,,,,,2,8.9,ok
TIC 88405751,45.4091,-28.0948,5.11,0,,,,,3,14.2,ok
TIC 439468853,20.8396,-17.9339,5.11,0,,,,,3,14.1,ok
TIC 52638345,101.1186,-31.0705,5.12,0,,,,,4,16.1,ok
TIC 419145500,120.7104,-34.5455,5.12,0,,,,,6,23.1,ok
TIC 439500072,22.401,-21.6293,5.12,0,,,,,3,14.3,ok
TIC 266787865,30.7152,-23.8869,5.13,0,,,,,2,8.7,ok
TIC 80959456,106.2234,-20.8301,5.13,0,,,,,3,12.9,ok
TIC 143093935,89.0873,-31.3824,5.13,0,,,,,5,22.8,ok
TIC 178804201,65.9184,-27.8304,5.14,0,,,,,3,13.2,ok
TIC 31356575,83.2575,-25.3671,5.14,0,,,,,4,18.3,ok
TIC 65133819,107.7827,-29.1214,5.14,0,,,,,6,25.1,ok
TIC 139761672,67.9993,-20.6997,5.14,0,,,,,2,10.8,ok
TIC 166700241,55.5621,-31.9383,5.15,0,,,,,1,5.1,ok
TIC 33005493,87.9983,-29.4495,5.16,0,,,,,4,17.8,ok
TIC 151414892,118.8075,-30.9174,5.16,0,,,,,4,16.1,ok
TIC 142977105,53.6401,-31.8748,5.16,0,,,,,2,8.9,ok
TIC 13345794,78.8516,-26.9437,5.16,0,,28.5,,,4,27.4,ok
TIC 167452509,33.4732,-9.0645,5.16,0,,,,,2,11.0,ok
TIC 121548853,68.7538,-19.921,5.16,0,,,,,1,5.5,ok
TIC 80282130,105.4149,-23.5014,5.16,0,,,,,4,16.2,ok
TIC 320033569,109.8069,-33.7272,5.17,0,,,,,4,16.4,ok
TIC 241807468,27.4777,-4.8597,5.17,0,,,,,2,11.0,ok
TIC 178321695,61.1706,-20.382,5.17,0,,,,,3,13.0,ok
TIC 64144847,40.4895,-22.6063,5.17,0,,,,,3,14.5,ok
TIC 48885351,100.7614,-20.1538,5.17,0,,,,,4,16.4,ok
TIC 96439635,104.1904,-35.3413,5.17,0,,,,,7,28.0,ok
TIC 29845542,23.4298,-7.026,5.18,0,,,,,2,8.7,ok
TIC 385873047,111.1674,-16.2016,5.18,0,,,,,4,16.3,ok
TIC 279484350,58.7443,-14.906,5.2,0,,,,,3,12.9,ok
TIC 48458024,99.7649,-18.1858,5.2,0,,,,,3,13.1,ok
TIC 423700466,21.715,-13.0564,5.21,0,,,,,3,14.2,ok
TIC 441506123,47.8195,-16.025,5.21,0,,,,,2,8.9,ok
TIC 96651307,104.6044,-34.1117,5.22,0,,,,,7,27.7,ok
TIC 22941759,109.2058,-36.5926,5.22,0,,,,,5,20.9,ok
TIC 144474192,121.437,-33.5694,5.22,0,,,,,6,23.7,ok
TIC 424994021,81.9022,-21.3755,5.23,0,,,,,4,18.5,ok
TIC 369470361,101.4974,-14.7963,5.23,0,,,,,3,12.7,ok
TIC 136887470,61.037,-16.5892,5.23,0,,,,,2,9.3,ok
TIC 257500475,31.1947,-17.2876,5.23,0,,,,,3,14.4,ok
TIC 65479645,42.4619,-24.5613,5.23,0,,,,,3,14.5,ok
TIC 100593518,86.8278,-35.6736,5.24,0,,,,,6,26.0,ok
TIC 46312858,83.1744,-16.3188,5.24,0,,,,,4,18.8,ok
TIC 64106729,39.6391,-20.4566,5.24,0,,,,,3,14.7,ok
TIC 98075010,108.1003,-31.9819,5.25,0,,,,,6,24.1,ok
TIC 92249151,49.3225,-23.5202,5.25,0,,,,,1,5.3,ok
TIC 166833382,58.4126,-34.7323,5.25,0,,,,,2,8.6,ok
TIC 441498355,23.7151,-23.6996,5.25,0,,,,,3,14.2,ok
TIC 262322505,108.7677,-22.7766,5.25,0,,,,,5,20.6,ok
TIC 97507956,44.3499,-23.8624,5.25,0,,,,,3,14.6,ok
TIC 346316998,96.6778,-14.6035,5.26,0,,,,,3,13.1,ok
TIC 124229161,92.4506,-22.7739,5.26,0,,,,,2,9.2,ok
TIC 44743049,61.4077,-27.6511,5.26,0,,,,,3,12.6,ok
TIC 88532487,48.4082,-29.8042,5.26,0,,,,,3,14.4,ok
TIC 88379311,44.7771,-28.9076,5.26,0,,,,,3,14.4,ok
TIC 118034753,72.1356,-16.3292,5.26,0,,,,,3,14.9,ok
TIC 164682222,24.7168,-21.2751,5.26,0,,,,,2,12.3,ok
TIC 51995257,98.4425,-30.5827,5.27,0,,,,,2,10.7,ok
TIC 114112071,114.1412,-31.3205,5.27,0,,,,,4,17.5,ok
TIC 37790593,93.9882,-29.7884,5.27,0,,,,,3,14.8,ok
TIC 64053674,38.4173,-20.0025,5.27,0,,,,,3,16.0,ok
TIC 35666218,23.7139,-3.5241,5.28,0,,,,,4,19.0,ok
TIC 121642909,70.5924,-23.178,5.28,0,,,,,3,15.7,ok
TIC 268863859,34.7242,-19.5348,5.28,0,,,,,3,17.5,ok
TIC 93279196,86.1081,-22.4245,5.28,0,,,,,5,24.1,ok
TIC 30016911,43.1369,-12.7711,5.28,0,,,,,2,10.9,ok
TIC 268531775,14.6828,-19.6328,5.29,0,,,,,2,10.5,ok
TIC 35241809,101.7129,-14.4259,5.29,0,,,,,3,14.3,ok
TIC 168727902,62.5143,-34.4975,5.29,0,,,,,3,15.4,ok
TIC 178350765,61.6538,-18.0509,5.29,0,,,,,2,10.5,ok
TIC 152500440,120.0663,-32.7119,5.3,0,,,,,5,23.0,ok
TIC 23091719,109.659,-36.7427,5.3,0,,,,,6,26.0,ok
TIC 4748040,40.0507,-9.4535,5.3,0,,,,,2,11.6,ok
TIC 33517080,87.8692,-22.9273,5.3,0,,,,,5,25.0,ok
TIC 630063233,25.4371,-11.3265,5.31,0,,,,,2,12.6,ok
TIC 299738361,102.2108,-20.4257,5.31,0,,,,,3,15.1,ok
TIC 52686322,101.38,-30.9489,5.31,0,,,,,4,17.8,ok
TIC 47769714,97.9818,-18.0622,5.31,0,,,,,2,10.3,ok
TIC 121158463,58.3039,-18.4344,5.32,0,,,,,3,15.4,ok
TIC 88380516,44.9023,-25.2735,5.32,0,,,,,3,17.1,ok
TIC 206693090,54.0728,-17.4671,5.32,0,,,,,2,10.1,ok
TIC 257485686,30.9745,-17.5137,5.32,0,,,,,3,15.9,ok
TIC 49832986,111.7833,-17.8649,5.32,0,,,,,4,19.9,ok
TIC 13222474,77.6858,-25.9103,5.33,0,,,,,3,16.1,ok
TIC 52044923,98.726,-30.092,5.33,0,,,,,4,18.7,ok
TIC 139485032,36.0841,-25.8473,5.33,0,,,,,4,19.9,ok
TIC 170589216,65.7823,-35.5447,5.33,0,,,,,4,17.8,ok
TIC 142868366,50.9361,-32.7071,5.34,0,,,,,3,17.2,ok
TIC 140288359,85.5634,-34.6674,5.34,0,,,,,6,28.4,ok
TIC 248955798,21.4686,-3.9276,5.35,0,,,,,3,14.7,ok
TIC 93416618,86.8024,-21.5433,5.35,0,,,,,5,23.9,ok
TIC 24449988,82.352,-30.9562,5.36,0,,,,,4,20.5,ok
TIC 24925021,27.9075,-6.8742,5.36,0,,,,,3,15.5,ok
TIC 32553282,21.1666,-15.6606,5.36,0,,,,,2,13.6,ok
TIC 94039641,115.0875,-11.7527,5.36,0,,,,,3,18.3,ok
TIC 385924749,111.2831,-13.752,5.37,0,,,,,4,23.2,ok
TIC 53063082,102.5973,-31.7059,5.37,0,,,,,5,26.7,ok
TIC 122556844,39.5786,-30.1946,5.37,0,,,,,4,29.6,ok
TIC 121639679,70.379,-23.9764,5.38,0,,,,,3,17.9,ok
TIC 78816109,103.328,-19.0327,5.38,0,,,,,3,16.9,ok
TIC 71151813,67.5418,-13.5924,5.38,0,,,,,3,18.5,ok
TIC 279368535,35.7411,-18.356,5.38,0,,,,,3,21.8,ok
TIC 178944841,68.6591,-24.0404,5.38,0,,,,,3,18.8,ok
TIC 409319605,109.8687,-16.3963,5.38,0,,,,,5,25.7,ok
TIC 65452015,42.4762,-27.9418,5.38,0,,,,,2,15.8,ok
TIC 151719888,119.2626,-34.3784,5.39,0,,,,,5,30.7,ok
TIC 149821432,116.6423,-32.3046,5.39,0,,,,,3,23.1,ok
TIC 98547563,109.0808,-32.0417,5.39,0,,,,,5,23.4,ok
TIC 423786781,71.0639,-27.5781,5.39,0,,,,,3,14.4,ok
TIC 166762313,56.7536,-30.0556,5.39,0,,,,,2,9.1,ok
TIC 317133707,86.7824,-16.2382,5.39,0,,,,,5,21.8,ok
TIC 64208749,106.5716,-24.6161,5.39,0,,,,,4,16.2,ok
TIC 332700015,63.5148,-15.993,5.4,0,,,,,2,9.3,ok
TIC 166779441,57.5692,-32.2853,5.4,0,,,,,2,8.9,ok
TIC 164696103,24.974,-22.9136,5.41,0,,,,,2,10.2,ok
TIC 1233421,71.9568,-30.0197,5.41,0,,,,,3,14.4,ok
TIC 279453376,58.3773,-14.9706,5.41,0,,,,,3,13.1,ok
TIC 268858663,33.8989,-23.3689,5.41,0,,,,,3,14.1,ok
TIC 423245334,113.5769,-23.4737,5.41,0,,,,,4,16.9,ok
TIC 124079237,91.6336,-23.111,5.42,0,,,,,4,18.4,ok
TIC 65804343,108.5041,-26.1097,5.42,0,,,,,6,24.4,ok
TIC 141597886,117.4194,-19.5056,5.42,0,,,,,4,16.7,ok
TIC 255752750,81.4993,-19.6956,5.42,0,,,,,4,17.8,ok
TIC 93050630,52.4002,-12.6747,5.42,0,,,,,2,9.0,ok
TIC 53688090,103.3938,-28.5431,5.42,0,,,,,5,19.6,ok
TIC 268752025,31.718,-19.1391,5.43,0,,,,,3,14.2,ok
TIC 139595654,65.1628,-20.6397,5.43,0,,,,,1,5.7,ok
TIC 11688606,22.4287,-25.6176,5.43,0,,,,,3,13.9,ok
TIC 5236245,112.509,-19.5267,5.43,0,,,,,4,16.7,ok
TIC 295826386,109.0603,-15.5858,5.43,0,,,,,4,16.5,ok
TIC 34528966,95.525,-15.6638,5.44,0,,,,,3,12.9,ok
TIC 316919585,74.7547,-16.375,5.44,0,,,,,2,11.1,ok
TIC 123624399,89.1436,-23.2151,5.44,0,,,,,4,17.7,ok
TIC 52687259,101.3437,-31.796,5.44,0,,,,,5,20.2,ok
TIC 423245341,113.5795,-23.475,5.45,0,,,,,4,16.9,ok
TIC 4978455,109.758,-19.2803,5.45,0,,,,,3,13.5,ok
TIC 173035406,102.2107,-29.7436,5.45,0,,,,,4,16.6,ok
TIC 21651176,87.619,-37.621,5.45,0,,,,,6,25.8,ok
TIC 100666076,87.2803,-32.5044,5.45,0,,,,,6,25.7,ok
TIC 442920239,80.4805,-17.6036,5.46,0,,,,,3,15.0,ok
TIC 48099802,98.8785,-22.1092,5.46,0,,,,,2,9.0,ok
TIC 10784960,15.4116,-16.2662,5.46,0,,,,,3,14.5,ok
TIC 24979702,29.6922,-11.3016,5.47,0,,,,,3,22.1,ok
TIC 130104663,119.6603,-27.5777,5.47,0,,,,,4,16.2,ok
TIC 96861698,105.2074,-33.4649,5.47,0,,,,,7,27.5,ok
TIC 79145706,103.9455,-22.9414,5.47,0,,,,,4,16.4,ok
TIC 81736702,107.0912,-20.8594,5.47,0,,,,,3,12.8,ok
TIC 100589904,86.4996,-32.3066,5.47,0,,,,,6,25.7,ok
TIC 241671685,26.3395,-3.1689,5.47,0,,,,,2,11.0,ok
TIC 88481036,47.1565,-26.4463,5.47,0,,,,,1,7.1,ok
TIC 117766002,96.4899,-35.3373,5.48,0,,,,,3,12.1,ok
TIC 35586307,102.2406,-15.1448,5.49,0,,,,,4,16.3,ok
TIC 124919420,95.2091,-30.6366,5.5,0,,,,,2,9.1,ok
TIC 24627008,84.4504,-34.6897,5.5,0,,,,,6,26.1,ok
TIC 439496453,21.8471,-22.3389,5.5,0,,,,,2,11.2,ok
TIC 100681662,87.5131,-34.5535,5.5,0,,,,,6,25.9,ok
TIC 33104115,88.8938,-28.9537,5.51,0,,,,,5,21.5,ok
TIC 147587254,105.1609,-15.3987,5.51,0,,,,,3,13.3,ok
TIC 60118283,95.1463,-23.6385,5.51,0,,,,,3,19.7,ok
TIC 92252166,49.6724,-18.5603,5.51,0,,,,,2,8.9,ok
TIC 168751697,62.6909,-35.274,5.51,0,,,,,3,12.4,ok
TIC 13272359,78.2159,-27.1776,5.52,0,,,,,3,14.5,ok
TIC 148874815,115.2191,-31.6611,5.52,0,,,,,4,16.7,ok
TIC 124184293,92.2411,-22.4277,5.52,0,,,,,2,9.2,ok
TIC 279432511,57.9812,-11.968,5.52,0,,,,,?,0.7,erreur
TIC 299099679,21.0856,-6.9146,5.52,0,,,,,3,14.1,ok
TIC 289010814,114.9303,-15.8278,5.53,0,,,,,4,16.9,ok
TIC 124519453,93.5792,-19.5254,5.53,0,,,,,3,12.8,ok
TIC 59846132,94.266,-22.7172,5.53,0,,,,,3,12.6,ok
TIC 81677207,107.1152,-18.6029,5.54,0,,,,,3,13.0,ok
TIC 406500231,71.0337,-18.6667,5.54,0,,,,,2,10.9,ok
TIC 47512990,98.3829,-29.6169,5.54,0,,,,,2,9.1,ok
TIC 13071322,75.9722,-24.3884,5.54,0,,,,,2,10.8,ok
TIC 117667820,95.8099,-31.7903,5.54,0,,,,,3,12.7,ok
TIC 88338008,43.854,-25.9334,5.54,0,,,,,3,14.4,ok
TIC 178348707,61.4444,-20.5126,5.55,0,,,,,3,13.2,ok
TIC 92983281,27.9169,-13.2338,5.55,0,,,,,3,14.3,ok
TIC 169416642,77.0552,-15.0953,5.55,0,,,,,3,14.9,ok
TIC 143095430,89.2042,-31.9761,5.55,0,,,,,5,22.2,ok
TIC 405160588,113.8482,-15.3824,5.55,0,,,,,4,16.8,ok
TIC 92847613,82.7818,-20.864,5.56,0,,,,,4,18.1,ok
TIC 241539111,25.4027,-3.1229,5.56,0,,,,,3,14.5,ok
TIC 98389162,108.8377,-30.6863,5.56,0,,,,,6,24.3,ok
TIC 71446375,47.6479,-23.7384,5.56,0,,,,,2,9.8,ok
TIC 441133778,40.3921,-14.549,5.56,0,,,,,2,8.5,ok
TIC 36758306,40.9817,-7.913,5.57,0,,,,,2,8.4,ok
TIC 111384365,110.7528,-31.9237,5.57,0,,,,,4,16.7,ok
TIC 111542328,110.8828,-32.202,5.57,0,,,,,5,20.2,ok
TIC 143028361,54.5413,-31.2994,5.57,0,,,,,2,8.8,ok
TIC 139552896,64.4808,-18.507,5.57,0,,,,,2,9.0,ok
TIC 147958296,105.7732,-16.0057,5.57,0,,,,,3,12.8,ok
TIC 77725168,77.0614,-35.7183,5.58,0,,,,,4,18.5,ok
TIC 108127886,111.9964,-29.1559,5.58,0,,,,,4,16.7,ok
TIC 307297481,108.326,-14.5796,5.58,0,,,,,4,17.1,ok
TIC 1441682,74.8303,-32.239,5.58,0,,,,,3,14.8,ok
TIC 332581003,62.3243,-16.3859,5.58,0,,,,,3,13.1,ok
TIC 348907495,114.0308,-22.1606,5.58,0,,,,,2,9.1,ok
TIC 192789761,82.064,-37.2303,5.58,0,,,,,5,22.1,ok
TIC 49243933,101.4894,-20.7751,5.59,0,,,,,3,12.5,ok
TIC 139239856,111.3906,-19.4377,5.59,0,,,,,5,20.5,ok
TIC 299121767,21.8681,-9.2974,5.59,0,,,,,3,14.1,ok
TIC 332658534,63.0013,-17.2751,5.59,0,,,,,3,12.9,ok
TIC 421835970,100.6565,-14.4552,5.59,0,,,,,3,12.8,ok
TIC 218987651,42.4478,-20.2459,5.6,0,,,,,3,18.3,ok
TIC 95111402,90.4134,-15.5894,5.6,0,,,,,4,18.3,ok
TIC 53602228,103.1716,-26.1166,5.6,0,,,,,4,16.1,ok
TIC 54003409,23.6581,-15.6764,5.6,0,,,,,3,14.6,ok
TIC 408118468,32.8424,-10.0534,5.6,0,,,,,2,10.8,ok
TIC 439495292,21.7635,-20.4915,5.6,0,,,,,3,14.0,ok
TIC 441518717,49.0638,-11.986,5.6,0,,,,,2,8.7,ok
TIC 139385056,111.7478,-23.086,5.61,0,,,,,5,19.8,ok
TIC 98757662,44.5524,-12.0059,5.61,0,,,,,1,5.2,ok
TIC 139234512,111.4474,-20.9576,5.62,0,,,,,4,16.4,ok
TIC 114478200,114.4364,-35.277,5.62,0,,,,,4,16.1,ok
TIC 100612903,87.0819,-33.4321,5.62,0,,,,,6,25.6,ok
TIC 144620544,53.7188,-25.5826,5.62,0,,,,,1,5.0,ok
TIC 62423348,29.3174,-17.6769,5.62,0,,,,,3,13.8,ok
TIC 88337888,43.8738,-25.3051,5.62,0,,,,,3,14.8,ok
TIC 144482357,49.5121,-28.7972,5.62,0,,,,,2,8.9,ok
TIC 149261470,115.7841,-33.3256,5.63,0,,,,,4,16.0,ok
TIC 143147010,89.9113,-35.3523,5.63,0,,,,,5,21.9,ok
TIC 122608292,40.4142,-30.0609,5.63,0,,,,,4,19.0,ok
TIC 47908160,98.361,-20.9242,5.64,0,,,,,3,12.9,ok
TIC 151008903,118.3165,-34.0388,5.64,0,,,,,4,17.4,ok
TIC 166790495,57.6445,-30.6901,5.64,0,,,,,2,9.3,ok
TIC 60583101,96.5981,-20.1743,5.64,0,,,,,2,9.3,ok
TIC 122575441,40.0102,-30.6342,5.64,0,,,,,4,17.5,ok
TIC 257658027,71.8288,-36.2093,5.64,0,,,,,4,18.9,ok
TIC 72748794,34.742,-25.9424,5.65,0,,,,,3,14.5,ok
TIC 299102346,21.48,-8.5046,5.65,0,,,,,3,14.2,ok
TIC 77844444,78.4432,-35.8257,5.65,0,,,,,3,14.7,ok
TIC 51933566,98.3642,-32.2263,5.65,0,,,,,3,12.6,ok
TIC 169318851,75.9861,-14.5562,5.65,0,,,,,3,15.1,ok
TIC 170803464,69.8452,-30.4565,5.66,0,,,,,4,18.2,ok
TIC 77993620,79.8224,-33.708,5.66,0,,,,,4,18.8,ok
TIC 92302981,50.5683,-21.1003,5.67,0,,,,,2,8.9,ok
TIC 241484680,25.1932,-2.6222,5.67,0,,,,,4,17.9,ok
TIC 24612639,84.1515,-35.0608,5.68,0,,,,,6,25.6,ok
TIC 24978373,29.2873,-10.2442,5.68,0,,,,,3,14.2,ok
TIC 412735095,111.0513,-22.3625,5.68,0,,,,,5,20.3,ok
TIC 442956224,81.119,-16.9759,5.68,0,,,,,4,18.3,ok
TIC 273881029,35.3073,-19.9154,5.68,0,,,,,3,14.4,ok
TIC 178952927,69.1414,-27.5787,5.68,0,,,,,3,14.4,ok
TIC 332645706,62.8567,-15.9684,5.68,0,,,,,3,13.1,ok
TIC 59953834,94.5572,-19.9669,5.69,0,,,,,2,9.0,ok
TIC 149861542,62.9012,-20.3558,5.69,0,,,,,?,0.9,erreur
TIC 52042528,98.6472,-32.7162,5.69,0,,,,,4,16.9,ok
TIC 137862246,48.2514,-20.0265,5.7,0,,,,,2,8.8,ok
TIC 55587685,110.5818,-16.3112,5.7,0,,,,,4,16.6,ok
TIC 767526,74.6384,-28.8878,5.7,0,,,,,3,14.3,ok
TIC 344370064,30.1767,-24.4225,5.7,0,,,,,3,14.1,ok
TIC 141102445,116.8284,-19.401,5.7,0,,,,,4,16.7,ok
TIC 1251436,72.2991,-34.312,5.71,0,,,,,4,18.8,ok
TIC 141511993,117.3414,-22.5645,5.71,0,,,,,4,16.7,ok
TIC 108417336,112.1716,-29.1188,5.71,0,,,,,3,13.0,ok
TIC 79867050,104.811,-21.1673,5.71,0,,,,,4,16.2,ok
TIC 169341603,76.152,-14.9474,5.71,0,,,,,3,14.9,ok
TIC 31474418,83.9488,-25.7384,5.71,0,,,,,5,22.2,ok
TIC 4706382,109.5511,-22.3393,5.71,0,,,,,6,24.1,ok
TIC 96797944,105.0116,-30.0786,5.72,0,,,,,6,24.3,ok
TIC 178879091,67.3862,-26.2756,5.72,0,,,,,4,18.2,ok
TIC 124494439,93.4383,-23.8611,5.72,0,,,,,3,12.5,ok
TIC 109564770,113.2907,-24.7106,5.72,0,,,,,4,16.7,ok
TIC 124921846,95.151,-34.144,5.72,0,,,,,5,21.5,ok
TIC 142976476,53.4864,-31.0796,5.72,0,,,,,2,9.0,ok
TIC 128906055,118.5448,-26.1521,5.72,0,,,,,4,16.5,ok
TIC 279485093,58.8165,-12.0993,5.72,0,,,,,2,9.1,ok
TIC 121133560,57.8798,-21.2816,5.72,0,,,,,2,10.4,ok
TIC 93031790,52.1145,-13.2096,5.72,0,,,,,2,13.4,ok
TIC 49017032,101.0642,-22.4653,5.72,0,,,,,4,16.1,ok
TIC 147033608,104.2633,-17.0986,5.73,0,,,,,4,16.2,ok
TIC 398733428,32.1326,-6.6779,5.73,0,,,,,1,13.6,ok
TIC 268687574,17.7577,-18.805,5.73,0,,,,,3,13.9,ok
TIC 408189678,79.5036,-18.6127,5.73,0,,,,,1,7.1,ok
TIC 152371331,65.3808,-25.7289,5.74,0,,,,,3,33.0,ok
TIC 443554161,99.4315,-17.0133,5.74,0,,,,,2,9.5,ok
TIC 257516353,31.5841,-15.4465,5.74,0,,,,,3,13.8,ok
TIC 29901695,24.409,-9.4031,5.74,0,,,,,1,5.0,ok
TIC 322512633,43.3259,-22.0909,5.74,0,,,,,2,10.5,ok
TIC 144498590,84.3409,-38.0227,5.75,0,,,,,6,26.2,ok
TIC 1308855,72.8678,-34.9064,5.75,0,,,,,4,18.8,ok
TIC 10879648,26.1821,-6.7661,5.75,0,,,,,3,14.4,ok
TIC 100205079,109.1595,-23.3106,5.75,0,,,,,5,20.2,ok
TIC 393388476,94.2897,-37.2537,5.75,0,,,,,5,22.0,ok
TIC 88347117,44.3036,-29.8553,5.76,0,,,,,4,17.8,ok
TIC 259449942,114.0162,-14.4928,5.76,0,,,,,4,16.5,ok
TIC 290051228,91.6596,-16.5187,5.76,0,,,,,3,12.7,ok
TIC 79136279,103.7614,-20.405,5.76,0,,,,,3,12.6,ok
TIC 106996670,110.5983,-24.9039,5.76,0,,,,,5,20.4,ok
TIC 129361159,118.9174,-28.6485,5.76,0,,,,,2,9.2,ok
TIC 170786542,69.2735,-30.4291,5.76,0,,,,,4,18.1,ok
TIC 412842383,111.3332,-21.9826,5.76,0,,,,,5,20.7,ok
TIC 4742248,39.787,-9.8314,5.77,0,,,,,2,9.0,ok
TIC 124316475,92.9295,-18.1859,5.77,0,,,,,2,8.6,ok
TIC 141786691,117.776,-18.2472,5.78,0,,,,,4,16.3,ok
TIC 97272783,106.2509,-31.526,5.78,0,,,,,6,24.3,ok
TIC 93211119,85.5582,-22.3736,5.78,0,,12.1,,,4,27.0,ok
TIC 439496994,21.9977,-22.0369,5.78,0,,,,,2,10.8,ok
TIC 289731700,36.5011,-15.3417,5.79,0,,,,,2,10.9,ok
TIC 288473353,114.2854,-14.3246,5.79,0,,,,,4,17.3,ok
TIC 49831913,96.1814,-28.781,5.79,0,,,,,3,12.6,ok
TIC 149884141,116.6713,-34.2343,5.79,0,,,,,3,13.1,ok
TIC 147956394,105.7056,-16.6994,5.79,0,,,,,3,12.9,ok
TIC 156712422,102.9264,-36.2307,5.79,0,,,,,7,28.0,ok
TIC 93239342,85.8404,-18.5576,5.79,0,,,,,2,9.5,ok
TIC 37302048,91.5232,-29.7589,5.79,0,,,,,4,18.1,ok
TIC 441506647,47.7722,-13.2642,5.79,0,,,,,2,8.8,ok
TIC 110198259,114.0349,-27.5038,5.79,0,,,,,4,16.3,ok
TIC 48402361,99.5954,-23.5804,5.8,0,,,,,4,16.0,ok
TIC 65416379,41.0922,-29.2065,5.8,0,,,,,5,20.9,ok
TIC 295616418,108.7862,-14.6094,5.8,0,,,,,3,12.8,ok
TIC 268785954,32.8844,-18.9769,5.8,0,,,,,3,14.1,ok
TIC 81056205,106.2753,-21.4499,5.81,0,,,,,4,17.0,ok
TIC 290168275,31.7388,-15.7059,5.81,0,,,,,3,14.1,ok
TIC 33493217,26.3883,-26.3972,5.82,0,,,,,3,14.5,ok
TIC 112925641,112.7584,-34.9841,5.82,0,,,,,3,13.1,ok
TIC 96520633,104.3229,-35.507,5.82,0,,,,,7,27.6,ok
TIC 441494927,23.2689,-19.1544,5.82,0,,,,,1,7.2,ok
TIC 23171476,46.6392,-10.2521,5.82,0,,,,,2,8.8,ok
TIC 33594761,28.7681,-24.8896,5.82,0,,,,,2,10.6,ok
TIC 398780256,72.0977,-19.8524,5.82,0,,,,,0,10.1,aucune_donnee
TIC 126586580,116.1423,-24.674,5.82,2,3.9699;19.6383,36.1,,,4,32.7,ok
TIC 32499622,84.3187,-27.8717,5.82,0,,,,,5,21.7,ok
TIC 77836361,77.7456,-34.9037,5.82,0,,,,,1,7.1,ok
TIC 100759620,88.2048,-34.5609,5.82,0,,,,,6,25.3,ok
TIC 100679848,87.476,-30.6212,5.82,0,,,,,5,21.7,ok
TIC 93281916,86.1182,-20.1263,5.82,0,,,,,5,21.8,ok
TIC 325691177,56.6143,-29.3381,5.82,0,,,,,2,8.8,ok
TIC 10839729,25.4373,-11.3278,5.82,0,,,,,3,13.9,ok
TIC 80043766,105.1168,-22.645,5.83,0,,,,,2,9.1,ok
TIC 349121749,114.25,-21.3937,5.83,0,,,,,?,0.7,erreur
TIC 257637478,63.2801,-36.5451,5.83,0,,,,,3,12.7,ok
TIC 160330452,91.3634,-35.5135,5.83,0,,,,,5,22.7,ok
TIC 113662487,113.5529,-33.463,5.83,0,,,,,4,16.9,ok
TIC 148940011,107.1091,-17.5564,5.83,0,,,,,2,9.5,ok
TIC 98077296,108.0167,-30.8212,5.83,0,,,,,6,24.8,ok
TIC 33418853,87.4728,-22.9717,5.83,0,,,,,5,21.8,ok
TIC 32761595,86.3777,-27.4843,5.83,0,,,,,4,18.1,ok
TIC 93243348,85.9438,-21.4287,5.84,0,,,,,5,21.5,ok
TIC 63475995,105.1769,-28.4899,5.84,0,,,,,6,23.9,ok
TIC 402135374,50.8221,-17.4392,5.84,0,,,,,1,5.7,ok
TIC 24449672,82.2778,-30.1167,5.84,0,,,,,2,10.4,ok
TIC 148169771,105.9728,-13.097,5.84,0,,,,,3,12.8,ok
TIC 147944220,99.3076,-36.9906,5.84,0,,,,,5,20.1,ok
TIC 201373582,91.7653,-34.312,5.85,1,1.1959,14.3,,,4,27.4,ok
TIC 143314844,91.0843,-32.1715,5.85,0,,,,,5,21.8,ok
TIC 124854318,94.9207,-34.3966,5.85,0,,,,,5,22.6,ok
TIC 176779461,48.1301,-32.3965,5.85,0,,,,,3,14.6,ok
TIC 139576180,64.6566,-22.9694,5.85,0,,,,,3,13.2,ok
TIC 64105644,39.4351,-22.9916,5.86,0,,,,,4,18.1,ok
TIC 169553449,78.4999,-14.6069,5.86,0,,,,,2,9.4,ok
TIC 176779253,48.1564,-31.1291,5.86,0,,,,,2,10.9,ok
TIC 71108975,66.9922,-17.8411,5.86,0,,,,,3,14.8,ok
TIC 50283734,112.3397,-15.0004,5.86,0,,,,,4,16.9,ok
TIC 139482969,35.8473,-26.9958,5.87,0,,,,,2,11.0,ok
TIC 146523123,76.7904,-19.3898,5.87,0,,,,,0,7.6,aucune_donnee
TIC 164720678,25.6491,-20.1726,5.87,0,,,,,2,11.2,ok
TIC 98878315,107.5392,-18.6856,5.87,0,,,,,3,12.9,ok
TIC 121006531,55.1682,-19.4727,5.87,0,,,,,1,5.3,ok
TIC 409321615,109.7656,-17.2136,5.87,0,,,,,5,20.4,ok
TIC 107624739,111.3552,-25.2178,5.87,0,,,,,5,20.2,ok
TIC 99150237,107.9233,-20.8829,5.88,0,,,,,3,12.9,ok
TIC 79776871,104.6856,-20.6153,5.88,0,,,,,1,5.5,ok
TIC 72644360,32.4288,-29.0069,5.88,0,,,,,2,10.6,ok
TIC 51901086,98.1624,-32.0304,5.88,0,,,,,3,12.9,ok
TIC 151011923,118.3067,-34.9385,5.88,0,,,,,4,16.4,ok
TIC 117776221,69.9329,-16.963,5.88,0,,,,,2,11.0,ok
TIC 140322590,115.7354,-21.9956,5.88,0,,,,,3,4.2,ok
TIC 147902364,98.9749,-36.0891,5.89,0,,,,,5,4.9,ok
TIC 124987299,95.724,-33.6147,5.89,0,,,,,4,4.2,ok
TIC 37879352,94.3034,-24.0748,5.89,0,,,,,3,3.1,ok
TIC 66646623,38.9098,-14.9458,5.89,0,,,,,2,2.9,ok
TIC 178199266,58.5005,-23.1393,5.89,0,,,,,3,3.3,ok
TIC 96800049,105.0585,-31.0695,5.89,0,,,,,3,3.5,ok
TIC 144504128,50.1887,-26.6063,5.89,0,,,,,1,1.5,ok
TIC 64072675,39.2088,-20.1222,5.89,0,,,,,3,3.6,ok
TIC 64106809,39.6511,-21.0382,5.89,0,,,,,3,3.8,ok
TIC 52393962,100.2959,-34.5112,5.89,0,,,,,3,3.2,ok
TIC 120978659,55.0519,-19.5927,5.89,0,,,,,1,1.8,ok
TIC 139780299,112.2741,-18.8752,5.89,0,,,,,4,4.2,ok
TIC 24360869,81.5039,-32.2091,5.9,0,,,,,2,3.1,ok
TIC 172734582,101.2164,-27.3395,5.9,0,,,,,4,4.2,ok
TIC 412775188,111.212,-19.0123,5.9,0,,,,,5,5.2,ok
TIC 63571394,105.3089,-25.9484,5.91,0,,,,,5,5.0,ok
TIC 178155732,42.9854,-30.8137,5.91,1,3.592,14.2,rejete,variabilite_continue;eclipse_secondaire,4,8.2,ok
TIC 95410045,103.7999,-15.7036,5.91,0,,,,,4,4.3,ok
TIC 349043273,114.1709,-19.7023,5.91,0,,,,,4,4.2,ok
TIC 47499542,96.9008,-19.4545,5.91,0,,,,,3,3.2,ok
TIC 48049755,98.7133,-19.6466,5.91,0,,,,,2,2.3,ok
TIC 290170830,32.1869,-17.3914,5.92,0,,,,,3,4.2,ok
TIC 178287603,60.6961,-22.5951,5.92,0,,,,,1,1.7,ok
TIC 166932528,60.1698,-30.4907,5.92,1,4.1054,11.5,rejete,variabilite_continue;eclipse_secondaire,3,5.5,ok
TIC 319925868,109.5704,-29.8847,5.93,0,,,,,5,5.0,ok
TIC 10803442,20.3232,-6.1598,5.93,0,,,,,2,2.8,ok
TIC 114924012,72.5284,-15.8045,5.93,0,,,,,3,4.0,ok
TIC 71109681,67.0298,-15.1801,5.93,0,,,,,3,3.6,ok
TIC 99344565,108.0409,-18.4826,5.93,0,,,,,3,3.3,ok
TIC 150609052,117.7545,-33.6127,5.93,0,,,,,2,2.5,ok
TIC 167745419,80.9121,-37.3366,5.93,0,,,,,4,4.0,ok
TIC 170766242,68.6823,-34.8189,5.93,0,,,,,5,5.6,ok
TIC 143029733,54.676,-35.2041,5.93,0,,,,,1,1.4,ok
TIC 48881783,100.6914,-22.4479,5.93,0,,,,,4,4.0,ok
TIC 316919145,74.6862,-17.8066,5.93,0,,,,,2,3.1,ok
TIC 59994379,94.7457,-20.9256,5.93,0,,,,,3,3.2,ok
TIC 94697756,115.7456,-17.0614,5.94,0,,,,,4,4.1,ok
TIC 79216392,103.9689,-19.7612,5.94,0,,,,,2,2.5,ok
TIC 71409529,47.0388,-19.303,5.94,0,,,,,2,2.6,ok
TIC 125614330,115.0066,-24.7222,5.94,0,,,,,4,4.1,ok
TIC 439463373,20.0219,-20.4709,5.94,0,,,,,3,3.9,ok
TIC 49252264,101.6077,-19.8779,5.94,0,,,,,4,4.1,ok
TIC 1098494,35.6769,-10.2023,5.94,0,,,,,2,2.9,ok
TIC 289113624,115.0195,-17.4666,5.94,0,,,,,4,4.2,ok
TIC 89044739,47.6153,-33.0497,5.95,0,,,,,3,3.6,ok
TIC 46640111,85.2991,-16.8754,5.95,0,,,,,3,4.0,ok
TIC 201466446,92.6329,-34.8168,5.95,0,,,,,5,5.6,ok
TIC 144523211,51.0679,-24.3007,5.95,0,,,,,1,1.5,ok
TIC 268768437,32.27,-22.99,5.95,0,,,,,2,3.2,ok
TIC 209459060,46.6643,-29.9877,5.96,0,,,,,2,3.3,ok
TIC 33063882,88.5583,-29.1474,5.96,0,,,,,5,5.3,ok
TIC 93106368,53.5521,-16.164,5.96,0,,,,,1,1.5,ok
TIC 425177548,44.697,-9.7766,5.96,0,,,,,2,2.2,ok
TIC 1520948,75.5312,-31.3493,5.96,0,,,,,2,2.7,ok
TIC 1398498,74.436,-33.0691,5.96,0,,,,,3,3.9,ok
TIC 72587179,31.3179,-28.5584,5.97,0,,,,,2,2.9,ok
TIC 110470221,114.2646,-26.8169,5.97,0,,,,,3,3.3,ok
TIC 32605534,85.2449,-27.9522,5.97,0,,,,,4,4.9,ok
TIC 306475295,91.6386,-16.8959,5.97,0,,,,,2,2.8,ok
TIC 141599413,117.4406,-19.007,5.97,0,,,,,3,3.6,ok
TIC 33107833,89.0762,-24.0889,5.97,0,,,,,4,4.7,ok
TIC 80962669,106.2731,-20.2025,5.98,0,,,,,4,4.2,ok
TIC 93331175,86.4781,-23.1406,5.98,0,,,,,4,5.0,ok
TIC 325707134,56.8431,-29.469,5.98,0,,,,,2,3.4,ok
TIC 70963454,64.9723,-17.4641,5.98,0,,,,,2,2.5,ok
TIC 37998783,94.9152,-26.9847,5.98,0,,,,,2,2.4,ok
TIC 100395051,109.3851,-21.4372,5.98,0,,,,,4,4.3,ok
TIC 64358292,106.7617,-25.7808,5.99,0,,,,,5,5.1,ok
TIC 95403487,103.6965,-14.1547,5.99,0,,,,,2,2.5,ok
TIC 139715890,112.1712,-21.8046,5.99,0,,,,,2,2.6,ok
TIC 178289484,60.9033,-20.159,5.99,0,,,,,1,1.5,ok
TIC 296179024,109.3562,-13.9161,5.99,0,,,,,3,3.6,ok
TIC 119402720,97.2196,-37.3413,5.99,0,,,,,1,1.6,ok
TIC 47910695,98.3168,-23.0671,5.99,0,,,,,1,1.6,ok
TIC 10838265,21.0119,-8.0079,6.0,0,,,,,3,4.0,ok
TIC 268784417,32.7851,-19.3073,6.0,0,,,,,2,2.7,ok
TIC 80044638,105.0107,-23.0077,6.0,0,,,,,2,2.3,ok
TIC 52546372,100.994,-32.4312,6.0,0,,,,,3,3.3,ok
TIC 178857554,66.7372,-24.0815,6.0,0,,,,,4,4.6,ok
TIC 333042609,99.6475,-16.8737,6.0,0,,,,,3,3.2,ok
TIC 65484424,43.1324,-27.9576,6.0,0,,,,,3,3.7,ok
TIC 112599166,112.2704,-31.4562,6.0,0,,,,,4,4.2,ok
TIC 95513457,107.389,-16.2345,6.0,0,,,,,3,4.0,ok
TIC 141595550,117.4383,-20.2086,6.01,0,,,,,4,4.4,ok
TIC 78899769,103.3409,-18.9326,6.01,0,,,,,3,3.7,ok
TIC 589826,71.6072,-28.0873,6.02,0,,,,,3,3.8,ok
TIC 78011495,80.0863,-34.6989,6.02,0,,,,,2,2.9,ok
TIC 150284425,117.311,-35.2432,6.03,1,3.0293,37.1,rejete,variabilite_continue;eclipse_secondaire;compagnon_trop_gros_3.6Rjup,4,6.0,ok
TIC 37077600,90.3045,-25.4179,6.03,0,,,,,4,4.5,ok
TIC 237405448,96.0252,-36.703,6.03,0,,,,,2,2.9,ok
TIC 88478795,46.9624,-27.8313,6.04,0,,,,,3,3.7,ok
TIC 439466970,20.6265,-19.0817,6.04,0,,,,,2,2.8,ok
TIC 33993533,94.032,-16.618,6.04,0,,,,,3,3.3,ok
TIC 77669416,76.1092,-35.7048,6.04,0,,,,,3,3.9,ok
TIC 147853586,98.8508,-36.7797,6.04,0,,,,,5,5.0,ok
TIC 89094110,54.6988,-27.9429,6.05,0,,,,,2,2.5,ok
TIC 81584371,106.8441,-23.8407,6.05,0,,,,,4,4.2,ok
TIC 139522208,111.9289,-22.8592,6.06,0,,,,,4,4.4,ok
TIC 166762338,56.8347,-29.9022,6.06,0,,,,,2,2.4,ok
TIC 204614426,41.7961,-22.4861,6.06,0,,,,,3,3.7,ok
TIC 333941023,116.3713,-14.6907,6.07,0,,,,,3,3.3,ok
TIC 112105675,111.6769,-34.1407,6.07,0,,,,,5,5.2,ok
TIC 172028891,97.6928,-27.7695,6.08,0,,,,,3,3.5,ok
TIC 141113382,116.8023,-22.5194,6.08,0,,,,,4,4.1,ok
TIC 48520491,99.901,-23.6957,6.09,0,,,,,2,2.5,ok
TIC 29628522,97.1635,-32.3712,6.09,0,,,,,4,4.1,ok
TIC 65403216,108.0508,-25.9425,6.09,0,,,,,6,5.7,ok
TIC 97280658,106.3831,-34.7774,6.1,0,,,,,7,6.8,ok
TIC 119327800,96.7816,-37.8952,6.11,0,,,,,5,5.6,ok
TIC 705677373,97.1634,-32.3713,6.12,0,,,,,2,2.3,ok
TIC 204613780,41.6885,-21.6394,6.12,0,,,,,3,3.8,ok
TIC 231461096,109.2384,-30.8972,6.13,0,,,,,6,6.2,ok
TIC 31475829,84.0431,-28.708,6.13,0,,,,,5,5.7,ok
TIC 170632659,66.235,-34.7582,6.13,0,,,,,4,4.2,ok
TIC 24910401,27.3461,-10.7042,6.15,0,,,,,3,3.8,ok
TIC 38471811,55.3081,-11.8022,6.15,0,,,,,1,1.5,ok
TIC 36876482,43.2122,-9.4409,6.16,0,,,,,2,2.3,ok
TIC 106830354,110.2288,-26.9638,6.16,0,,,,,6,5.8,ok
TIC 140286693,85.5482,-30.5354,6.18,0,,,,,4,5.0,ok
TIC 117646499,67.8576,-13.6445,6.21,0,,,,,3,3.8,ok
TIC 88571133,48.7511,-26.1006,6.21,0,,,,,1,1.6,ok
TIC 53745922,103.481,-24.5387,6.22,0,,,,,2,2.5,ok
TIC 49314314,101.7561,-21.0154,6.22,0,,,,,2,2.4,ok
TIC 121025936,55.983,-19.1097,6.22,0,,,,,2,2.5,ok
TIC 420964096,82.0865,-22.4328,6.22,0,,,,,4,4.6,ok
TIC 70503081,32.3948,-24.3461,6.23,0,,,,,3,3.6,ok
TIC 10787084,20.0127,-9.8843,6.24,0,,,,,3,3.5,ok
TIC 405032586,113.3424,-14.3383,6.24,0,,,,,3,3.4,ok
TIC 178947400,68.8247,-24.533,6.24,0,,,,,3,3.7,ok
TIC 24608799,83.8611,-33.2684,6.25,0,,,,,6,6.5,ok
TIC 55857787,23.3181,-24.1791,6.28,0,,,,,2,2.9,ok
TIC 120932152,37.5579,-25.1862,6.28,0,,33.5,rejete,variabilite_continue;eclipse_secondaire,4,7.2,ok
TIC 412736429,111.0718,-22.9127,6.29,0,,,,,4,4.1,ok
TIC 144596888,52.974,-25.6143,6.3,0,,,,,1,1.6,ok
TIC 78053041,80.3203,-34.345,6.3,0,,,,,1,1.6,ok
TIC 89115385,55.498,-24.6525,6.31,0,,,,,2,2.3,ok
TIC 148277684,101.5505,-37.7753,6.31,0,,,,,5,5.1,ok
TIC 209406979,44.9097,-32.5071,6.32,0,,,,,4,4.5,ok
TIC 46641304,85.4229,-16.7258,6.33,0,,,,,3,3.7,ok
TIC 47765427,97.8729,-21.4054,6.33,0,,,,,2,2.3,ok
TIC 1031383,34.0681,-9.8215,6.34,0,,,,,2,2.9,ok
TIC 99935428,108.947,-23.7402,6.35,0,,,,,5,5.2,ok
TIC 65664136,108.4018,-27.3563,6.36,0,,,,,5,5.0,ok
TIC 32816967,86.769,-28.6388,6.36,0,,,,,4,4.7,ok
TIC 170786634,69.2121,-30.7167,6.36,0,,,,,4,4.7,ok
TIC 144514566,50.5679,-25.5878,6.37,0,,,,,2,2.4,ok
TIC 63046356,104.4276,-27.5375,6.37,0,,,,,3,3.3,ok
TIC 316916479,74.4362,-14.232,6.38,0,,,,,1,1.9,ok
TIC 65472324,108.1006,-27.4748,6.38,0,,,,,6,6.0,ok
TIC 65416950,41.0621,-25.495,6.38,0,,,,,4,4.8,ok
TIC 708565082,82.0615,-20.7593,6.39,0,,,,,0,0.3,aucune_donnee
TIC 140284971,85.3622,-33.4008,6.4,0,,,,,6,6.6,ok
TIC 124224363,92.3342,-18.1265,6.4,0,,,,,1,1.6,ok
TIC 124279525,92.6431,-21.87,6.41,0,,,,,3,3.4,ok
TIC 79940094,104.9135,-21.6029,6.41,0,,,,,2,2.5,ok
TIC 121594942,69.9044,-21.2474,6.42,0,,,,,1,1.8,ok
TIC 126355015,115.9129,-25.5038,6.43,0,,,,,3,3.5,ok
TIC 170636418,66.6275,-32.8162,6.43,0,,,,,4,4.6,ok
TIC 143021874,54.2146,-33.7806,6.45,0,,,,,2,2.4,ok
TIC 80036886,105.0344,-20.1584,6.45,0,,,,,4,4.4,ok
TIC 173866350,113.0927,-35.9611,6.45,0,,,,,3,3.8,ok
TIC 111644155,110.993,-35.8377,6.45,0,,,,,4,4.1,ok
TIC 97356407,106.5019,-30.6557,6.46,0,,,,,5,5.1,ok
TIC 288569022,114.4116,-14.4408,6.48,0,,,,,3,3.3,ok
TIC 128057356,117.7503,-24.5288,6.49,0,,,,,3,3.4,ok
TIC 111953382,111.429,-31.7387,6.49,0,,,,,4,4.2,ok
TIC 408908804,92.0264,-15.9015,6.5,0,,,,,2,2.5,ok
TIC 96390714,103.9781,-31.7901,6.5,0,,,,,3,3.3,ok
TIC 98219693,108.4889,-30.3398,6.51,0,,,,,5,5.5,ok
TIC 121007190,55.3432,-19.5844,6.51,0,,,,,2,2.5,ok
TIC 144504182,50.1861,-26.2868,6.51,0,,,,,1,1.6,ok
TIC 31378822,83.4666,-29.8492,6.52,0,,,,,3,3.7,ok
TIC 1030004,33.8679,-9.4666,6.53,0,,,,,1,2.5,ok
TIC 54071627,23.9733,-17.534,6.53,0,,,,,3,3.8,ok
TIC 24921603,27.5661,-6.7038,6.54,0,,,,,3,3.7,ok
TIC 48232997,99.171,-22.6147,6.54,0,,,,,2,2.5,ok
TIC 63110482,104.5314,-27.1644,6.54,0,,,,,3,3.2,ok
TIC 89184917,57.2507,-26.0327,6.54,0,,,,,2,2.3,ok
TIC 333941034,116.3697,-14.6863,6.55,0,,,,,3,3.3,ok
TIC 99683262,108.4516,-22.9058,6.55,0,,,,,4,4.3,ok
TIC 96659863,104.682,-30.998,6.55,0,,,,,4,4.3,ok
TIC 708357666,80.4436,-24.7731,6.56,0,,,,,1,1.6,ok
TIC 66626552,38.4807,-12.3374,6.56,0,,,,,3,3.7,ok
TIC 173042832,102.4333,-24.0762,6.56,0,,,,,2,2.5,ok
TIC 112597904,112.2131,-31.8484,6.57,0,,,,,4,4.3,ok
TIC 160266380,88.4899,-19.6389,6.57,0,,,,,2,3.0,ok
TIC 93243413,85.9715,-21.2796,6.58,0,,,,,5,6.0,ok
TIC 66594335,109.45,-26.7976,6.58,0,,,,,6,6.0,ok
TIC 250386526,30.0614,-3.3684,6.58,0,,,,,2,3.0,ok
TIC 169395153,76.7862,-17.3011,6.58,0,,,,,3,3.8,ok
TIC 110909694,114.8624,-26.8631,6.59,0,,,,,3,3.3,ok
TIC 78959225,103.5543,-23.9283,6.59,0,,,,,4,3.9,ok
TIC 33601621,92.8406,-15.7932,6.6,0,,,,,3,3.3,ok
TIC 169318777,75.9672,-14.3702,6.6,0,,,,,2,3.0,ok
TIC 469969840,22.8914,-19.0233,6.61,0,,,,,3,3.7,ok
TIC 64009547,37.4813,-22.6832,6.61,0,,,,,3,4.0,ok
TIC 37660654,93.3894,-29.3957,6.62,0,,,,,3,3.9,ok
TIC 139383385,111.6694,-23.7126,6.63,0,,,,,4,4.2,ok
TIC 178288581,60.8531,-20.1438,6.63,0,,,,,1,1.5,ok
TIC 1129777,37.1941,-11.347,6.64,0,,,,,3,3.9,ok
TIC 46562312,84.8176,-17.8494,6.65,0,,,,,1,2.0,ok
TIC 326241978,41.2541,-22.1673,6.65,0,,,,,3,4.3,ok
TIC 29836061,23.2649,-9.0146,6.65,0,,,,,3,4.1,ok
TIC 52684359,101.2606,-30.5864,6.66,0,,,,,4,4.2,ok
TIC 142977635,53.6243,-34.8328,6.66,0,,,,,1,1.5,ok
TIC 299099849,21.2525,-5.9465,6.67,0,,,,,3,3.7,ok
TIC 109829137,113.62,-26.1171,6.67,0,,,,,3,3.4,ok
TIC 257526233,45.9475,-21.3617,6.67,0,,,,,2,2.3,ok
TIC 33743341,93.193,-17.7632,6.67,0,,,,,2,2.4,ok
TIC 92281720,50.425,-20.3248,6.68,0,,,,,1,1.5,ok
TIC 1271818,72.4678,-35.1085,6.68,0,,,,,4,4.9,ok
TIC 176841012,49.0473,-30.8274,6.68,0,,,,,3,3.7,ok
TIC 32828818,86.8416,-27.1346,6.69,0,,11.1,rejete,variabilite_continue;eclipse_secondaire,5,8.5,ok
TIC 189016989,79.2011,-17.1423,6.69,0,,,,,2,3.2,ok
TIC 671315186,74.7545,-16.3748,6.7,0,,,,,1,2.2,ok
TIC 113178928,112.9279,-35.8878,6.71,0,,,,,3,3.7,ok
TIC 281222589,110.2211,-22.8504,6.72,0,,,,,5,5.1,ok
TIC 325687967,56.3878,-25.9155,6.72,0,,,,,1,1.6,ok
TIC 98221328,108.4468,-31.0836,6.74,0,,,,,4,4.2,ok
TIC 80042405,105.0807,-22.119,6.74,0,,,,,2,2.5,ok
TIC 209429132,45.2689,-33.1098,6.74,0,,,,,4,4.4,ok
TIC 415227516,114.7794,-18.6783,6.76,0,,,,,3,3.5,ok
TIC 143093864,88.9953,-31.5319,6.76,0,,,,,2,3.0,ok
TIC 37116146,90.5269,-27.428,6.77,0,,,,,4,4.7,ok
TIC 111549914,110.9768,-30.217,6.77,0,,,,,4,4.2,ok
TIC 317548889,88.3783,-16.2657,6.78,0,,,,,4,4.7,ok
TIC 21579071,86.6754,-36.2315,6.78,0,,,,,4,4.6,ok
TIC 173757986,112.8572,-36.1532,6.79,0,,,,,3,3.3,ok
TIC 168786254,63.1002,-31.5819,6.79,0,,,,,3,3.3,ok
TIC 160180978,79.5362,-16.1869,6.8,0,,,,,3,3.7,ok
TIC 79437840,104.3115,-22.2028,6.81,0,,,,,2,2.3,ok
TIC 266748633,29.7279,-21.1322,6.82,0,,,,,2,2.6,ok
TIC 24398701,81.5636,-32.5054,6.82,0,,,,,4,4.8,ok
TIC 168787288,63.2605,-32.7947,6.83,0,,,,,2,4.0,ok
TIC 64784647,107.2058,-24.0438,6.83,0,,,,,4,4.2,ok
TIC 89255576,58.5726,-27.6686,6.84,0,,,,,1,1.8,ok
TIC 1218962,71.4573,-34.0049,6.85,0,,,,,3,4.1,ok
TIC 160301040,88.6264,-19.7045,6.85,0,,,,,3,4.2,ok
TIC 257432067,56.9959,-26.3286,6.85,0,,,,,0,3.1,aucune_donnee
TIC 164720249,25.5665,-17.8886,6.85,0,,,,,3,4.3,ok
TIC 32500778,84.4153,-28.6263,6.86,0,,,,,5,5.7,ok
TIC 125726470,115.1807,-27.9453,6.87,0,,,,,3,3.8,ok
TIC 121714050,73.3008,-20.7722,6.88,0,,,,,2,3.1,ok
TIC 268636197,16.704,-22.8565,6.88,0,,,,,2,2.7,ok
TIC 172194476,98.5337,-29.6299,6.89,0,,,,,1,1.5,ok
TIC 94987316,81.7916,-16.5247,6.89,0,,,,,4,4.6,ok
TIC 44735561,60.6789,-27.483,6.89,0,,,,,3,3.5,ok
TIC 241392829,24.6856,-5.7358,6.9,0,,,,,3,3.9,ok
TIC 146322354,73.9094,-23.2409,6.93,0,,,,,3,4.0,ok
TIC 29900813,24.3991,-6.7612,6.94,0,,,,,3,3.7,ok
TIC 89150513,55.9912,-28.6288,6.95,0,,,,,1,1.5,ok
TIC 317479128,88.006,-15.5061,6.95,0,,,,,1,2.4,ok
TIC 441492130,23.0318,-23.6491,6.95,0,,,,,2,3.0,ok
TIC 33003187,87.9763,-25.2194,6.96,0,,,,,3,3.8,ok
TIC 88532113,48.3421,-27.5737,6.96,0,,,,,1,1.5,ok
TIC 60352201,95.9485,-19.7854,6.97,0,,,,,2,2.5,ok
TIC 747915643,104.0275,-14.0426,6.98,0,,,,,2,2.5,ok
TIC 266680498,28.2107,-19.5077,6.98,0,,,,,2,2.6,ok
TIC 176841424,49.2296,-31.3524,7.0,0,,,,,3,4.1,ok
TIC 20072435,88.93,-38.1044,7.0,0,,,,,6,6.5,ok
TIC 32816844,86.7187,-28.8911,7.02,0,,,,,5,5.5,ok
TIC 209461158,46.9886,-30.3138,7.02,0,,,,,2,2.8,ok
TIC 38025762,95.0822,-29.6134,7.02,0,,,,,1,1.6,ok
TIC 46556441,84.6586,-16.9201,7.03,0,,,,,3,3.7,ok
TIC 255752747,81.494,-19.6901,7.03,0,,,,,3,3.4,ok
TIC 117921924,71.1413,-16.0648,7.04,0,,,,,3,4.1,ok
TIC 31196767,82.1987,-24.2613,7.04,0,,,,,4,4.4,ok
TIC 92357813,51.9726,-19.8022,7.05,0,,,,,1,1.5,ok
TIC 122575742,40.1279,-31.4675,7.1,0,,,,,4,4.8,ok
TIC 63483266,105.39,-27.2229,7.11,0,,,,,1,1.4,ok
TIC 78074360,80.8005,-31.7493,7.11,0,,,,,4,4.6,ok
TIC 682491,73.9262,-28.5656,7.11,0,,,,,2,2.4,ok
TIC 326242263,41.3266,-20.4016,7.11,0,,,,,3,3.6,ok
TIC 178155533,42.8449,-30.4378,7.12,0,,,,,4,4.5,ok
TIC 302381748,32.6898,-12.9267,7.13,0,,,,,3,4.2,ok
TIC 65344368,39.1983,-25.0243,7.15,0,,,,,3,4.0,ok
TIC 316918132,74.6513,-14.784,7.15,0,,,,,2,2.9,ok
TIC 705677372,97.1638,-32.371,7.15,0,,,,,2,2.4,ok
TIC 53399753,102.5248,-27.3339,7.21,0,,,,,2,2.4,ok
TIC 65289930,38.1253,-27.0031,7.21,0,,,,,4,4.6,ok
TIC 88339242,44.0308,-26.1995,7.22,0,,,,,2,2.8,ok
TIC 33689110,92.9113,-17.445,7.22,0,,,,,0,1.4,aucune_donnee
TIC 24587971,83.7565,-33.5883,7.22,0,,,,,2,2.8,ok
TIC 28054692,13.1344,-20.9969,7.24,0,,,,,2,2.3,ok
TIC 1251231,72.29,-35.0823,7.24,0,,,,,4,4.8,ok
TIC 166848903,58.7053,-35.7015,7.24,0,,,,,2,2.5,ok
TIC 89060881,54.2878,-29.8303,7.26,0,,,,,1,1.5,ok
TIC 32554144,84.8509,-25.243,7.26,0,,,,,5,5.5,ok
TIC 112597907,112.2154,-31.8469,7.27,0,,,,,3,3.5,ok
TIC 21748709,88.4711,-37.5339,7.27,0,,,,,3,3.9,ok
TIC 143108655,89.4693,-34.4762,7.28,0,,,,,5,5.9,ok
TIC 52387727,100.2824,-30.6455,7.29,0,,,,,3,3.3,ok
TIC 114954827,72.6852,-15.5728,7.3,0,,,,,2,3.3,ok
TIC 121050060,56.3339,-20.5241,7.3,0,,,,,1,1.6,ok
TIC 143095959,89.1332,-33.4344,7.31,0,,,,,1,1.5,ok
TIC 37744048,93.7571,-29.3655,7.31,0,,,,,2,2.4,ok
TIC 632326038,35.8096,-29.8706,7.32,0,,,,,1,2.4,ok
TIC 88532366,48.3507,-28.9752,7.33,0,,,,,3,3.7,ok
TIC 48170828,99.09,-18.6603,7.33,0,,,,,0,2.4,aucune_donnee
TIC 124686721,93.7271,-30.8532,7.33,0,,,,,3,3.9,ok
TIC 47497337,96.8682,-22.1241,7.34,0,,,,,0,3.1,aucune_donnee
TIC 382325707,29.3807,-6.8277,7.35,0,,,,,0,5.4,aucune_donnee
TIC 124079212,91.7142,-23.094,7.36,0,,,,,2,3.1,ok
TIC 268529817,14.4912,-20.6764,7.37,0,,,,,2,2.3,ok
TIC 60289801,95.6024,-23.5941,7.4,0,,,,,0,1.6,aucune_donnee
TIC 117768715,96.4108,-31.481,7.4,0,,,,,3,3.5,ok
TIC 70577478,37.8905,-27.5044,7.4,0,,,,,3,3.6,ok
TIC 44799612,62.6717,-25.4271,7.4,0,,,,,3,3.3,ok
TIC 268534259,15.1177,-19.3898,7.41,0,,,,,3,3.6,ok
TIC 121011418,55.6855,-18.7143,7.43,0,,,,,1,1.4,ok
TIC 266746662,29.4549,-21.9019,7.44,0,,,,,2,2.3,ok
TIC 139524304,36.1911,-28.6518,7.46,0,,,,,3,3.6,ok
TIC 590274,71.7066,-26.3025,7.47,0,,,,,3,4.0,ok
TIC 268859658,33.942,-18.2391,7.48,0,,,,,1,1.9,ok
TIC 326330498,43.6116,-20.9252,7.48,0,,,,,2,2.4,ok
TIC 164752884,25.8101,-21.6198,7.5,0,,,,,3,3.6,ok
TIC 14162190,77.6744,-36.2747,7.52,0,,,,,3,3.7,ok
TIC 93129631,85.1316,-22.1558,7.55,0,,,,,4,4.6,ok
TIC 88481934,47.3065,-26.7156,7.56,0,,,,,3,3.7,ok
TIC 37200678,91.1802,-28.0607,7.56,0,,,,,2,2.4,ok
TIC 47717097,97.8382,-20.631,7.56,0,,,,,1,1.5,ok
TIC 114956507,72.8978,-14.5888,7.57,0,,,,,1,1.9,ok
TIC 317024828,86.4246,-15.8706,7.57,0,,,,,4,4.6,ok
TIC 142944116,52.8957,-31.6736,7.59,0,,,,,1,1.6,ok
TIC 139826494,68.284,-19.3582,7.59,0,,,,,2,2.5,ok
TIC 64109026,39.9756,-23.9299,7.6,0,,,,,4,4.7,ok
TIC 66646031,38.7677,-17.2894,7.6,0,,,,,2,2.9,ok
TIC 32706713,86.0516,-27.5451,7.6,0,,,,,1,2.1,ok
TIC 290051429,91.6745,-16.2599,7.61,0,,,,,2,2.4,ok
TIC 92871376,83.0212,-23.4297,7.63,0,,,,,3,3.9,ok
TIC 122686610,42.3573,-30.8127,7.63,0,,,,,5,5.3,ok
TIC 178993771,69.7356,-27.9116,7.64,0,,,,,3,3.9,ok
TIC 153123715,89.3389,-24.9655,7.65,0,,,,,2,2.9,ok
TIC 169319252,75.9305,-15.7073,7.66,0,,,,,3,3.7,ok
TIC 59993317,94.7413,-22.0349,7.67,0,,,,,2,2.4,ok
TIC 398904135,79.1272,-21.0999,7.68,0,,,,,2,2.8,ok
TIC 408931340,92.3203,-17.2916,7.68,0,,,,,1,1.5,ok
TIC 420980965,82.2637,-19.1436,7.69,0,,,,,4,4.6,ok
TIC 144503312,50.0152,-28.7843,7.72,0,,,,,2,2.5,ok
TIC 60035416,95.0227,-23.1053,7.72,0,,,,,1,1.6,ok
TIC 65324756,38.7953,-28.6976,7.74,0,,,,,1,2.0,ok
TIC 439468243,20.6844,-21.4263,7.75,0,,,,,1,1.9,ok
TIC 160328766,91.297,-32.731,7.76,0,,,,,5,5.6,ok
TIC 77175217,68.2888,-36.9457,7.77,0,,,,,5,5.5,ok
TIC 46386531,83.5384,-15.2844,7.78,0,,,,,3,3.8,ok
TIC 266817168,31.0774,-19.3678,7.78,0,,,,,2,2.6,ok
TIC 110707531,114.5715,-27.1443,7.78,0,,,,,4,4.5,ok
TIC 77744694,77.5376,-31.3492,7.78,0,,,,,2,3.0,ok
TIC 144497692,49.9058,-25.5791,7.81,0,,,,,0,1.2,aucune_donnee
TIC 100832881,88.748,-30.3057,7.81,0,,,,,2,2.8,ok
TIC 346430425,96.7961,-17.6634,7.82,0,,,,,1,1.6,ok
TIC 117979850,71.8096,-17.2488,7.83,0,,,,,3,3.9,ok
TIC 142939517,52.6482,-30.335,7.84,0,,,,,2,3.1,ok
TIC 241537481,25.2444,-5.4038,7.86,0,,,,,3,4.2,ok
TIC 179033962,64.2353,-28.894,7.87,0,,,,,4,4.4,ok
TIC 166870522,59.1197,-31.6954,7.87,0,,,,,1,1.5,ok
TIC 33468428,87.6239,-22.5676,7.88,0,,,,,2,2.8,ok
TIC 24451239,82.3506,-34.5154,7.89,0,,,,,5,5.5,ok
TIC 178969585,69.6836,-27.0339,7.89,0,,,,,3,3.7,ok
TIC 88533834,48.6877,-26.4455,7.9,0,,,,,2,2.3,ok
TIC 172366808,99.7402,-27.1201,7.92,0,,,,,3,3.3,ok
TIC 65347620,39.7969,-28.2983,7.92,0,,,,,1,1.9,ok
TIC 49615022,95.5778,-29.8597,7.94,0,,,,,3,3.2,ok
TIC 160351583,91.6026,-34.7232,7.94,0,,,,,3,4.2,ok
TIC 300113221,92.241,-38.0649,7.94,0,,,,,2,2.9,ok
TIC 1028594,33.7181,-6.106,7.95,0,,,,,2,2.9,ok
TIC 47513265,98.3663,-29.2098,7.95,0,,,,,2,2.3,ok
TIC 257505374,31.2804,-17.6159,7.95,0,,,,,3,3.8,ok
TIC 93441696,87.0428,-20.0234,7.96,0,,,,,3,3.1,ok
TIC 1450658,75.1013,-31.8133,7.96,0,,,,,3,3.9,ok
TIC 178855846,66.6612,-28.9526,7.98,0,,,,,4,4.7,ok
TIC 423479454,71.1935,-20.0137,7.99,0,,,,,1,1.9,ok
TIC 81739998,107.099,-21.9982,8.0,0,,,,,3,3.2,ok
TIC 94780468,115.8526,-12.2721,8.0,0,,,,,2,2.4,ok
TIC 139785025,112.302,-18.5575,8.0,0,,,,,3,3.4,ok
TIC 44890689,63.2599,-26.4342,8.0,0,,,,,4,4.2,ok
TIC 121007148,55.3031,-19.3914,8.0,0,,,,,1,1.4,ok
TIC 66645462,38.8193,-13.8136,8.0,0,,,,,2,3.0,ok
TIC 95519072,107.2825,-14.427,8.0,0,,,,,2,2.7,ok
TIC 209460929,47.0065,-31.6401,8.0,0,,,,,2,2.9,ok
TIC 124777599,94.2809,-34.7371,8.0,0,,,,,3,3.6,ok
TIC 160327262,97.9398,-23.9931,8.0,0,,,,,2,3.1,ok
TIC 37496263,92.6448,-24.6835,8.0,0,,,,,2,3.1,ok
TIC 189017499,79.2768,-17.4507,8.0,0,,,,,2,3.6,ok
TIC 423387652,29.0819,-4.177,8.0,0,,,,,2,3.1,ok
TIC 33473432,87.8773,-19.083,8.0,0,,,,,3,3.9,ok
TIC 48657540,96.9344,-26.8318,8.0,0,,,,,1,1.5,ok
TIC 142676044,103.6318,-13.7528,8.0,0,,,,,2,2.8,ok
TIC 332643408,62.6745,-15.2554,8.0,0,,,,,2,2.7,ok
TIC 89045238,47.5219,-29.9235,8.0,0,,,,,2,3.0,ok
TIC 93050297,52.2238,-12.8353,8.0,0,,,,,1,1.7,ok
TIC 143028097,54.5141,-32.7413,8.0,0,,,,,2,2.4,ok
TIC 59712275,93.8959,-19.4945,8.0,0,,,,,3,3.1,ok
TIC 52046778,98.8629,-31.5914,8.01,0,,,,,4,4.1,ok
TIC 123926950,91.0874,-19.0032,8.01,0,,,,,4,5.6,ok
TIC 124846280,94.6025,-33.9971,8.01,0,,,,,3,4.5,ok
TIC 123763363,90.2893,-21.4161,8.01,0,,,,,3,3.8,ok
TIC 53398846,102.5787,-27.9596,8.01,0,,,,,2,2.4,ok
TIC 46556373,84.6928,-17.0709,8.01,0,,,,,2,3.0,ok
TIC 44740052,61.2279,-25.5101,8.01,0,,,,,3,3.3,ok
TIC 166713554,55.8665,-33.5023,8.01,0,,,,,2,2.4,ok
TIC 7586966,63.5745,-36.2262,8.01,0,,,,,2,2.4,ok
TIC 166968974,60.5083,-30.4683,8.01,0,,,,,3,3.2,ok
TIC 150610414,117.735,-34.0667,8.01,0,,,,,4,3.9,ok
TIC 146308722,73.7026,-20.3896,8.01,0,,,,,3,3.8,ok
TIC 423830804,71.4908,-27.0489,8.01,0,,,,,2,2.8,ok
TIC 425077133,41.2625,-17.5808,8.01,0,,,,,3,3.7,ok
TIC 55892397,50.0278,-14.1375,8.01,0,,,,,1,1.5,ok
TIC 148791829,115.1032,-34.712,8.01,0,,,,,2,2.4,ok
TIC 332662679,63.3224,-16.805,8.01,0,,,,,2,2.5,ok
TIC 231402251,115.192,-20.9556,8.01,0,,,,,2,2.4,ok
TIC 281222510,110.1829,-22.8829,8.01,0,,,,,5,5.5,ok
TIC 139525924,36.4256,-27.1442,8.01,0,,,,,2,2.8,ok
TIC 106620517,110.2084,-29.8632,8.01,0,,,,,5,5.3,ok
TIC 63196845,104.6554,-28.0657,8.01,0,,,,,3,3.2,ok
TIC 111632961,110.993,-31.278,8.01,0,,,,,4,4.4,ok
TIC 28106722,14.1266,-19.4438,8.01,0,,,,,2,2.4,ok
TIC 112474420,112.1328,-33.4781,8.01,0,,,,,3,3.4,ok
TIC 123852082,90.6576,-23.8415,8.01,0,,,,,3,3.8,ok
TIC 160328822,91.2311,-32.8409,8.01,0,,,,,4,4.9,ok
TIC 237391080,95.4419,-36.2122,8.01,0,,,,,3,3.7,ok
TIC 60345912,95.8162,-22.2477,8.01,0,,,,,2,2.7,ok
TIC 47632865,104.1907,-26.3649,8.01,0,,,,,3,3.3,ok
TIC 47773671,98.1049,-21.331,8.01,0,,,,,2,2.4,ok
TIC 124939385,95.4648,-32.819,8.02,0,,,,,2,2.5,ok
TIC 29920336,24.2708,-15.5167,8.02,0,,,,,2,2.8,ok
TIC 117648089,68.0084,-15.9574,8.02,0,,,,,2,2.8,ok
TIC 52503489,100.7861,-30.2722,8.02,0,,,,,2,2.4,ok
TIC 21506935,85.9924,-38.3202,8.02,0,,,,,4,4.8,ok
TIC 94774602,115.8994,-14.4823,8.02,0,,,,,3,3.4,ok
TIC 98212422,108.3284,-32.9736,8.02,0,,,,,4,4.4,ok
TIC 124180522,92.1913,-20.8708,8.02,0,,,,,0,3.2,aucune_donnee
TIC 172459608,100.0852,-27.2811,8.02,0,,,,,2,2.3,ok
TIC 128132724,117.6767,-27.7283,8.02,0,,,,,2,2.4,ok
TIC 259364147,114.0272,-12.4347,8.02,0,,,,,3,3.3,ok
TIC 439456824,19.0462,-21.4828,8.02,0,,,,,2,2.9,ok
TIC 404477044,37.4491,-13.2479,8.02,0,,,,,3,3.7,ok
TIC 144496130,49.6833,-25.429,8.02,0,,,,,0,1.8,aucune_donnee
TIC 139758332,67.7136,-20.8303,8.02,0,,,,,2,2.8,ok
TIC 144486643,84.254,-37.2107,8.02,0,,,,,3,3.8,ok
TIC 33419248,87.4046,-22.2269,8.02,0,,,,,4,4.7,ok
TIC 1438316,74.5613,-30.9593,8.02,0,,,,,2,2.8,ok
TIC 170632780,66.2041,-35.29,8.02,0,,,,,2,2.3,ok
TIC 148274467,101.4795,-37.433,8.02,0,,,,,6,6.0,ok
TIC 442930113,80.9591,-15.0986,8.02,0,,,,,2,2.8,ok
TIC 65348719,39.9738,-26.3209,8.02,0,,,,,?,964.7,timeout
TIC 121713756,73.3481,-21.6623,8.02,0,,,,,2,3.2,ok
TIC 124313332,92.8252,-20.8569,8.02,0,,,,,3,3.2,ok
TIC 110473570,114.2169,-27.821,8.02,0,,,,,3,3.3,ok
TIC 20179778,89.8959,-36.5452,8.02,0,,,,,3,3.8,ok
TIC 21537012,85.9992,-36.075,8.03,0,,,,,3,3.8,ok
TIC 168698627,61.6863,-30.9203,8.03,0,,,,,3,3.4,ok
TIC 300143416,92.3906,-36.1357,8.03,0,,,,,4,4.7,ok
TIC 77670492,76.1791,-31.7486,8.03,0,,,,,2,2.9,ok
TIC 53601710,103.0841,-26.4601,8.03,0,,,,,2,2.6,ok
TIC 100679966,87.5463,-30.8354,8.03,0,,,,,4,4.4,ok
TIC 63295893,104.8917,-26.7997,8.03,0,,,,,3,3.2,ok
TIC 259068823,113.4216,-15.1571,8.03,0,,,,,3,3.3,ok
TIC 48093324,98.8151,-20.3923,8.03,0,,,,,1,1.5,ok
TIC 34376992,95.1478,-15.6073,8.03,0,,,,,2,2.5,ok
TIC 157249586,105.6082,-37.1717,8.03,0,,,,,6,5.9,ok
TIC 49078844,101.0956,-23.207,8.03,0,,,,,2,2.4,ok
TIC 52455342,100.5044,-34.9586,8.03,0,,,,,3,3.3,ok
TIC 113019760,112.844,-34.2327,8.03,0,,,,,3,3.2,ok
TIC 98755221,44.3406,-13.3142,8.03,0,,,,,1,1.5,ok
TIC 206711985,54.463,-13.9615,8.03,0,,,,,2,2.5,ok
TIC 770004,74.8995,-25.3694,8.03,0,,,,,3,3.7,ok
TIC 160267193,88.4606,-18.1477,8.03,0,,,,,1,1.5,ok
TIC 164792342,27.9778,-23.1496,8.03,0,,,,,2,2.8,ok
TIC 320346966,110.2086,-32.0413,8.03,0,,,,,5,5.0,ok
TIC 266769531,29.7619,-22.9893,8.03,0,,,,,2,2.8,ok
TIC 169419750,77.1432,-17.3282,8.03,0,,,,,3,3.5,ok
TIC 412578735,110.9745,-20.7094,8.03,0,,,,,3,3.5,ok
TIC 114921614,72.3916,-15.6208,8.03,0,,,,,3,3.9,ok
TIC 169551390,78.3229,-14.4337,8.03,0,,,,,1,1.4,ok
TIC 50107996,112.1004,-13.1876,8.03,0,,,,,2,2.5,ok
TIC 100831279,88.774,-33.9252,8.03,0,,,,,5,5.4,ok
TIC 147975463,99.6438,-37.5474,8.03,0,,,,,2,2.4,ok
TIC 20181050,90.0322,-38.1677,8.03,0,,,,,6,6.6,ok
TIC 10838592,25.3176,-6.0373,8.03,0,,,,,2,3.0,ok
TIC 51783687,97.5592,-31.1189,8.03,0,,,,,2,2.4,ok
TIC 148036049,105.8339,-15.256,8.03,0,,,,,2,2.4,ok
TIC 110340485,114.0754,-24.6098,8.04,1,1.1468,20.3,rejete,variabilite_continue;eclipse_secondaire,4,6.8,ok
TIC 48175816,99.0858,-22.5377,8.04,0,,,,,1,1.6,ok
TIC 139527019,63.6087,-20.7256,8.04,0,,,,,0,2.8,aucune_donnee
TIC 139551420,64.4197,-23.7987,8.04,0,,,,,2,2.3,ok
TIC 24451876,82.3927,-35.4004,8.04,0,,,,,3,3.7,ok
TIC 140391596,115.8988,-21.2816,8.04,0,,,,,2,2.4,ok
TIC 1356755,73.7422,-30.9947,8.04,0,,,,,2,2.8,ok
TIC 334055090,116.5721,-13.4497,8.04,0,,,,,0,1.6,aucune_donnee
TIC 259072694,113.4679,-13.6938,8.04,0,,,,,4,4.2,ok
TIC 117665591,95.9203,-35.1312,8.04,0,,,,,1,1.3,ok
TIC 13203779,77.2096,-25.5018,8.04,0,,,,,2,2.7,ok
TIC 32830560,86.8954,-24.0356,8.04,0,,,,,5,5.4,ok
TIC 320122825,109.725,-31.1515,8.04,0,,,,,4,4.4,ok
TIC 178894913,67.8107,-27.8446,8.04,0,,,,,3,3.6,ok
TIC 33596593,29.0739,-24.1314,8.04,0,,,,,3,3.6,ok
TIC 97473479,24.4597,-24.03,8.04,0,,,,,2,2.8,ok
TIC 287222264,30.1974,-9.5989,8.04,0,,,,,2,2.8,ok
TIC 9899585,49.0643,-11.2138,8.04,0,,,,,1,1.4,ok
TIC 139668867,65.9173,-19.4732,8.04,0,,,,,1,1.5,ok
TIC 52545119,100.8961,-33.6849,8.04,0,,,,,3,3.3,ok
TIC 95054629,86.0659,-15.3489,8.04,0,,,,,3,3.8,ok
TIC 21747182,88.3179,-37.7341,8.04,0,,,,,4,4.5,ok
TIC 128055680,117.7896,-24.0786,8.04,0,,,,,3,3.4,ok
TIC 148400027,102.2106,-36.5853,8.04,0,,,,,5,5.1,ok
TIC 614556,72.6756,-29.7783,8.04,0,,,,,2,2.8,ok
TIC 36837209,42.4056,-9.5254,8.04,0,,,,,2,2.4,ok
TIC 439406558,18.6308,-14.2736,8.04,0,,,,,2,2.8,ok
TIC 139704519,66.6088,-20.9609,8.04,0,,,,,2,2.8,ok
TIC 461720392,60.3036,-15.8635,8.04,0,,,,,2,2.6,ok
TIC 93169098,85.2017,-18.3892,8.04,0,,,,,2,2.4,ok
TIC 408127503,34.9701,-10.3859,8.04,0,,,,,1,2.0,ok
TIC 29941990,41.8163,-15.9737,8.04,0,,,,,1,1.5,ok
TIC 317922796,89.8968,-15.3583,8.04,0,,,,,3,3.6,ok
TIC 441508831,48.0245,-14.2398,8.04,0,,,,,1,1.5,ok
TIC 93127517,84.9685,-21.0357,8.04,0,,,,,3,3.7,ok
TIC 79682519,104.5349,-21.8699,8.05,0,,,,,4,4.2,ok
TIC 153165135,89.445,-29.1832,8.05,0,,,,,3,3.6,ok
TIC 96926716,105.5021,-35.7765,8.05,0,,,,,5,5.4,ok
TIC 124685946,93.702,-30.1705,8.05,0,,,,,3,3.6,ok
TIC 32551698,20.8809,-14.3778,8.05,0,,,,,1,1.9,ok
TIC 49381572,101.8331,-19.3052,8.05,0,,,,,1,1.5,ok
TIC 398801104,78.2953,-17.9628,8.05,0,,,,,1,1.6,ok
TIC 170803514,69.8125,-30.5934,8.05,0,,,,,2,2.8,ok
TIC 408189628,79.591,-18.7373,8.05,0,,,,,0,20.5,aucune_donnee
TIC 149201166,115.6453,-32.3701,8.05,0,,,,,2,2.7,ok
TIC 151078539,118.3816,-32.5335,8.05,0,,,,,2,2.3,ok
TIC 412682111,111.0377,-21.6021,8.05,0,,,,,3,3.2,ok
TIC 179014018,70.1441,-26.0783,8.05,0,,,,,2,2.7,ok
TIC 147774272,105.5157,-17.7002,8.05,0,,,,,2,2.4,ok
TIC 142875477,51.5309,-31.6612,8.05,0,,,,,1,1.5,ok
TIC 70960986,64.8112,-16.347,8.05,0,,,,,2,2.5,ok
TIC 60343602,95.8992,-20.1776,8.05,0,,,,,1,1.6,ok
TIC 44796001,62.1652,-29.307,8.05,0,,,,,1,1.5,ok
TIC 100592226,86.5693,-32.9787,8.05,0,,,,,4,4.9,ok
TIC 92880909,83.2763,-20.4214,8.05,0,,,,,0,5.6,aucune_donnee
TIC 325708934,56.9077,-27.1847,8.05,0,,,,,1,1.5,ok
TIC 92358226,52.1637,-18.6515,8.05,0,,,,,1,1.4,ok
TIC 109115551,112.9488,-25.6306,8.05,0,,,,,2,2.4,ok
TIC 77838245,77.9936,-30.4685,8.05,0,,,,,1,1.8,ok
TIC 81736368,107.0457,-20.7476,8.05,0,,,,,2,2.6,ok
TIC 71400062,46.8203,-20.6491,8.05,0,,,,,2,2.7,ok
TIC 231493824,109.3794,-35.0708,8.05,0,,,,,3,3.4,ok
TIC 333503213,100.3715,-13.946,8.05,0,,,,,3,3.3,ok
TIC 10821149,20.6678,-9.5864,8.06,0,,,,,2,2.8,ok
TIC 35243104,101.7454,-15.0952,8.06,0,,,,,2,2.5,ok
TIC 113283353,113.1376,-33.1245,8.06,0,,,,,3,3.4,ok
TIC 31092490,80.7578,-27.4032,8.06,0,,,,,2,2.7,ok
TIC 348802343,113.8121,-18.9048,8.06,0,,,,,3,3.3,ok
TIC 441500807,46.6566,-17.4762,8.06,0,,,,,1,1.5,ok
TIC 37199319,91.0395,-29.5098,8.06,0,,,,,1,1.5,ok
TIC 423785734,71.0172,-28.6821,8.06,0,,,,,2,3.4,ok
TIC 408157922,79.3661,-20.2855,8.06,0,,,,,2,3.0,ok
TIC 266735160,29.0487,-23.4212,8.06,0,,,,,3,3.6,ok
TIC 24523185,82.8069,-31.3035,8.06,0,,,,,3,3.7,ok
TIC 168634010,60.7073,-31.2426,8.06,0,,,,,3,3.2,ok
TIC 124081870,91.8131,-21.5299,8.06,0,,,,,4,4.5,ok
TIC 1198195,71.4063,-30.6626,8.06,0,,,,,2,2.9,ok
TIC 33740670,93.1851,-14.9494,8.06,0,,,,,2,2.7,ok
TIC 307299702,108.3367,-15.2931,8.06,0,,,,,3,3.2,ok
TIC 72706345,34.0056,-25.5249,8.06,0,,,,,2,2.8,ok
TIC 166742866,56.4402,-32.4813,8.06,0,,,,,1,1.4,ok
TIC 94236920,115.2916,-17.1449,8.06,0,,,,,4,4.1,ok
TIC 306362979,91.1483,-16.6155,8.06,0,,,,,1,1.6,ok
TIC 92880146,83.3065,-18.5614,8.06,0,,,,,0,8.5,aucune_donnee
TIC 168752196,62.7679,-34.113,8.06,0,,,,,3,3.4,ok
TIC 441134450,40.4435,-13.6101,8.06,0,,,,,1,1.4,ok
TIC 4613848,101.9482,-20.3472,8.06,0,,,,,1,1.5,ok
TIC 172734439,101.2066,-27.479,8.06,0,,,,,2,2.4,ok
TIC 114915693,72.2646,-16.5133,8.06,0,,,,,2,2.9,ok
TIC 246905764,73.615,-16.0656,8.06,0,,,,,2,2.8,ok
TIC 32681367,85.8688,-25.6224,8.06,0,,,,,5,5.6,ok
TIC 93276939,86.0464,-18.0702,8.06,0,,,,,1,1.6,ok
TIC 423703387,22.8836,-16.5103,8.06,0,,,,,2,3.1,ok
TIC 44647343,59.3805,-25.7388,8.06,0,,,,,1,1.6,ok
TIC 273879812,34.5546,-22.5858,8.06,0,,,,,3,3.8,ok
TIC 142960733,53.4738,-33.4373,8.06,0,,,,,1,1.4,ok
TIC 461714113,59.7328,-12.6697,8.06,0,,,,,2,2.5,ok
TIC 38350427,24.2581,-3.2873,8.06,0,,,,,4,4.7,ok
TIC 241445772,24.9118,-2.5169,8.06,0,,,,,3,3.6,ok
TIC 65399082,40.6028,-25.8908,8.06,0,,,,,3,3.7,ok
TIC 767943,74.8762,-29.3352,8.07,0,,,,,2,2.7,ok
TIC 4698072,38.7653,-7.7193,8.07,0,,,,,1,1.5,ok
TIC 166900603,60.0106,-35.6378,8.07,0,,,,,1,1.5,ok
TIC 71028829,66.1237,-14.6112,8.07,0,,,,,2,2.9,ok
TIC 319863494,109.4795,-32.7932,8.07,0,,,,,6,5.8,ok
TIC 146517487,76.3912,-23.2957,8.07,0,,,,,3,3.7,ok
TIC 169341948,76.2374,-16.0058,8.07,0,,,,,2,3.3,ok
TIC 456655681,112.6032,-21.1261,8.07,0,,,,,3,3.4,ok
TIC 172120507,98.2323,-27.8503,8.07,0,,,,,1,1.6,ok
TIC 89256193,58.6283,-24.6482,8.07,0,,,,,1,1.6,ok
TIC 88453672,46.1314,-24.4217,8.07,0,,,,,1,1.5,ok
TIC 61494769,102.7304,-14.2639,8.07,0,,,,,3,3.2,ok
TIC 119326540,96.8109,-36.0032,8.07,0,,,,,2,2.4,ok
TIC 153168466,89.6338,-25.1408,8.07,0,,,,,3,3.0,ok
TIC 93279393,86.0121,-22.8073,8.07,0,,,,,4,4.1,ok
TIC 1235623,72.104,-32.8703,8.07,0,,,,,2,2.9,ok
TIC 97357164,106.5582,-31.0905,8.07,0,,,,,4,4.3,ok
TIC 107412270,111.148,-28.1182,8.07,0,,,,,4,4.4,ok
TIC 149512793,116.2469,-33.4257,8.07,0,,,,,3,3.3,ok
TIC 37201119,91.1176,-27.3091,8.07,0,,,,,3,3.9,ok
TIC 151851962,119.4402,-31.8892,8.07,0,,,,,3,3.4,ok
TIC 123930119,91.1552,-20.7335,8.07,0,,,,,3,3.7,ok
TIC 328117157,28.1966,-3.1181,8.07,0,,,,,2,2.8,ok
TIC 94328907,115.3618,-12.6647,8.07,0,,,,,1,1.5,ok
TIC 35291099,101.7597,-16.1907,8.07,0,,,,,2,2.5,ok
TIC 148742707,114.8761,-33.2096,8.07,0,,,,,5,5.5,ok
TIC 34928785,96.4845,-16.7331,8.07,0,,,,,3,3.4,ok
TIC 77725345,77.2966,-35.6385,8.07,0,,,,,2,3.1,ok
TIC 92228844,48.9577,-26.3925,8.07,0,,,,,2,2.4,ok
TIC 142852626,50.3301,-29.9879,8.08,0,,,,,1,1.4,ok
TIC 334255247,116.7956,-15.6504,8.08,0,,,,,4,4.3,ok
TIC 89183726,56.2631,-25.7357,8.08,0,,,,,1,1.6,ok
TIC 126769213,116.2367,-26.8933,8.08,0,,,,,4,4.3,ok
TIC 4983692,109.9333,-18.4733,8.08,0,,,,,3,3.6,ok
TIC 178856387,66.7566,-28.6714,8.08,0,,,,,4,5.8,ok
TIC 13273388,78.2475,-29.6128,8.08,0,,,,,2,2.7,ok
TIC 121551994,68.9584,-20.0152,8.08,0,,,,,1,2.7,ok
TIC 93240259,85.8374,-20.1893,8.08,0,,,,,4,5.3,ok
TIC 143234933,90.6701,-32.016,8.08,0,,,,,5,5.9,ok
TIC 93372641,86.6769,-21.8269,8.08,0,,,,,5,5.8,ok
TIC 299100968,21.3951,-10.9849,8.08,0,,,,,3,3.9,ok
TIC 146343255,74.3008,-18.5445,8.08,0,,,,,2,2.9,ok
TIC 123724617,89.9106,-18.8808,8.08,0,,,,,3,4.0,ok
TIC 55891715,49.982,-17.5623,8.08,0,,,,,1,1.5,ok
TIC 332620288,62.2789,-13.2879,8.08,0,,,,,1,1.6,ok
TIC 65346708,39.7051,-25.3658,8.08,0,,,,,4,4.5,ok
TIC 9967272,50.8462,-11.3937,8.08,0,,,,,2,2.4,ok
TIC 1119071,36.6235,-10.5178,8.08,0,,,,,3,4.0,ok
TIC 99931351,108.9226,-22.4236,8.08,0,,,,,4,4.4,ok
TIC 178200551,58.6368,-19.3866,8.08,0,,,,,3,3.3,ok
TIC 121089960,57.0355,-21.5759,8.08,0,,,,,2,2.4,ok
TIC 88348916,44.3011,-24.6265,8.08,0,,,,,3,3.6,ok
TIC 121049475,56.2617,-18.0652,8.08,0,,,,,1,1.6,ok
TIC 37742356,93.7529,-28.2094,8.08,0,,,,,3,3.3,ok
TIC 119327278,96.797,-37.1019,8.08,0,,,,,4,4.0,ok
TIC 178215929,58.9361,-21.8747,8.09,0,,,,,1,1.5,ok
TIC 99611630,108.3693,-21.1254,8.09,0,,,,,5,5.2,ok
TIC 231339777,96.9335,-31.9289,8.09,0,,,,,4,4.0,ok
TIC 70887502,63.8021,-16.1966,8.09,0,,,,,1,1.6,ok
TIC 408118241,32.8218,-8.7455,8.09,0,,,,,1,2.2,ok
TIC 144539611,52.3471,-24.1001,8.09,0,,,,,1,1.5,ok
TIC 47634940,104.1538,-24.8645,8.09,0,,,,,4,4.0,ok
TIC 37995854,94.7558,-28.9454,8.09,0,,,,,3,3.1,ok
TIC 398796870,78.154,-19.3699,8.09,0,,,,,1,1.5,ok
TIC 56040202,113.1378,-17.3631,8.09,0,,,,,3,3.4,ok
TIC 442962268,81.363,-17.5273,8.09,0,,,,,2,2.8,ok
TIC 107860878,111.6689,-26.5124,8.09,0,,,,,4,4.1,ok
TIC 72779475,35.4046,-29.6101,8.09,0,,,,,3,3.7,ok
TIC 37304873,91.6481,-25.9015,8.09,0,,,,,4,4.5,ok
TIC 302463428,34.0209,-14.7142,8.09,0,,,,,2,2.8,ok
TIC 24398462,81.584,-33.1652,8.09,0,,,,,4,4.6,ok
TIC 408157227,79.407,-18.6616,8.09,0,,,,,1,2.2,ok
TIC 129671383,119.171,-24.8498,8.09,0,,,,,3,3.7,ok
TIC 346313509,96.6654,-17.9254,8.09,0,,,,,2,2.6,ok
TIC 47516263,98.3427,-25.4346,8.09,0,,,,,1,1.5,ok
TIC 117669186,95.8574,-30.0168,8.09,0,,,,,3,3.3,ok
TIC 88524791,48.1211,-29.4222,8.09,0,,,,,3,3.8,ok
TIC 146594685,77.6373,-18.6624,8.09,0,,,,,2,2.9,ok
TIC 66338087,109.2343,-27.523,8.09,0,,,,,5,5.7,ok
TIC 78012271,80.0894,-32.6193,8.09,0,,,,,3,3.3,ok
TIC 139667919,65.9271,-22.9781,8.09,0,,,,,3,3.1,ok
TIC 107007803,110.5477,-28.8568,8.09,0,,,,,4,4.5,ok
TIC 346642514,97.4666,-15.1801,8.09,0,,,,,2,2.4,ok
TIC 123763014,90.2085,-21.9406,8.1,0,,,,,4,4.7,ok
TIC 268533978,14.9911,-18.0616,8.1,0,,,,,3,3.6,ok
TIC 615133,72.7662,-27.5198,8.1,0,,,,,2,2.8,ok
TIC 89114582,55.4172,-28.8337,8.1,0,,,,,1,1.6,ok
TIC 443450590,98.7318,-15.3285,8.1,0,,,,,3,3.2,ok
TIC 420963118,82.0838,-19.8963,8.1,0,,,,,4,4.6,ok
TIC 80967074,106.1881,-19.1472,8.1,0,,,,,1,1.6,ok
TIC 37079095,90.4761,-24.8105,8.1,0,,,,,3,3.6,ok
TIC 348772705,75.1828,-17.5852,8.1,0,,,,,2,2.9,ok
TIC 170729895,67.9992,-33.8986,8.1,0,,,,,5,6.0,ok
TIC 1122511,36.6667,-6.9862,8.1,0,,,,,2,2.4,ok
TIC 408907109,91.9172,-17.6074,8.1,0,,,,,3,3.4,ok
TIC 32551452,20.8878,-16.2221,8.1,0,,,,,3,3.7,ok
TIC 77317310,70.7856,-36.4089,8.1,0,,,,,5,5.4,ok
TIC 37914373,94.5895,-27.0621,8.1,0,,,,,3,3.1,ok
TIC 65325205,38.9254,-28.312,8.1,0,,,,,2,2.7,ok
TIC 78668330,102.8473,-18.0468,8.1,0,,,,,4,4.1,ok
TIC 98758271,44.7748,-15.0421,8.1,0,,,,,2,2.4,ok
TIC 150418533,117.4168,-32.4202,8.1,0,,,,,5,5.0,ok
TIC 33601793,92.8,-15.6064,8.1,0,,,,,2,2.5,ok
TIC 140281685,85.2705,-30.4804,8.1,0,,,,,5,5.0,ok
TIC 140282899,85.2457,-33.3056,8.1,0,,,,,6,6.7,ok
TIC 423478252,71.2828,-18.1636,8.1,0,,,,,3,3.7,ok
TIC 24360361,81.5223,-30.6728,8.1,0,,,,,3,3.7,ok
TIC 299120460,21.7557,-6.3491,8.1,0,,,,,3,3.6,ok
TIC 21630387,87.3584,-37.185,8.1,0,,,,,4,4.6,ok
TIC 404508134,61.8309,-36.1432,8.1,0,,,,,3,3.4,ok
TIC 99154703,107.8722,-22.6042,8.1,0,,,,,5,5.2,ok
TIC 279493915,59.0558,-13.9252,8.1,0,,,,,2,2.3,ok
TIC 93123542,84.9357,-22.8269,8.1,0,,,,,4,4.5,ok
TIC 423724935,23.0529,-14.4925,8.1,0,,,,,3,3.5,ok
TIC 317600931,88.5416,-17.1041,8.1,0,,,,,4,4.7,ok
TIC 146536983,77.0293,-21.4721,8.11,0,,,,,3,3.9,ok
TIC 143106235,89.275,-31.2571,8.11,0,,,,,5,5.5,ok
TIC 97698648,107.1777,-33.0021,8.11,0,,,,,5,5.0,ok
TIC 141591735,117.3851,-21.285,8.11,0,,,,,4,4.2,ok
TIC 322645853,69.4324,-26.7797,8.11,0,,,,,3,3.9,ok
TIC 77369902,72.5309,-36.3562,8.11,0,,,,,4,4.8,ok
TIC 139595497,65.116,-21.2179,8.11,0,,,,,2,2.4,ok
TIC 273879592,34.4648,-23.7225,8.11,0,,,,,3,3.7,ok
TIC 316972061,74.8283,-15.7533,8.11,0,,,,,1,1.6,ok
TIC 81936468,107.3964,-19.1155,8.11,0,,,,,1,1.5,ok
TIC 325682357,37.0757,-14.2079,8.11,0,,,,,3,3.7,ok
TIC 121593764,69.7276,-18.8872,8.11,0,,,,,3,3.7,ok
TIC 176780393,48.3002,-33.5604,8.11,0,,,,,3,4.0,ok
TIC 46526889,84.3551,-16.425,8.11,0,,,,,1,1.5,ok
TIC 150964662,118.3068,-30.862,8.11,0,,,,,4,3.9,ok
TIC 125492145,114.8954,-29.4548,8.11,0,,,,,3,3.3,ok
TIC 126442325,116.0458,-28.8552,8.11,0,,,,,4,4.2,ok
TIC 1440684,74.8257,-35.6707,8.11,0,,,,,2,3.0,ok
TIC 101209463,103.1524,-29.9554,8.11,0,,,,,2,2.7,ok
TIC 290052260,91.6511,-15.1322,8.11,0,,,,,3,3.3,ok
TIC 96318701,103.7827,-32.3841,8.11,0,,,,,3,3.3,ok
TIC 402141355,52.9763,-20.3685,8.11,0,,,,,2,2.5,ok
TIC 32928606,87.49,-27.557,8.11,0,,,,,5,5.3,ok
TIC 109559037,113.2876,-26.2805,8.12,0,,,,,3,3.5,ok
TIC 32501143,84.3876,-27.5847,8.12,0,,,,,5,5.5,ok
TIC 95665543,110.4669,-16.535,8.12,0,,,,,3,3.3,ok
TIC 66554248,17.3441,-12.115,8.12,0,,,,,0,2.3,aucune_donnee
TIC 63896859,105.9948,-27.0193,8.12,0,,,,,5,5.3,ok
TIC 37738110,93.5531,-24.7229,8.12,0,,,,,3,3.4,ok
TIC 48325908,99.4593,-21.7744,8.12,0,,,,,?,971.9,timeout
TIC 209457341,46.6443,-32.6672,8.12,0,,,,,4,5.1,ok
TIC 178967253,69.2576,-28.953,8.12,0,,,,,4,5.1,ok
TIC 98778015,44.9255,-16.7257,8.12,0,,,,,2,2.5,ok
TIC 317136191,86.8446,-15.4517,8.12,0,,,,,5,6.0,ok
TIC 672624,73.5056,-27.0563,8.12,0,,,,,3,3.9,ok
TIC 37300889,91.5691,-27.9056,8.12,0,,,,,2,2.8,ok
TIC 170672140,66.9238,-32.2226,8.12,0,,,,,2,3.9,ok
TIC 441128616,39.7284,-13.0026,8.12,0,,,,,2,3.1,ok
TIC 393750091,80.8643,-18.1918,8.12,0,,,,,2,3.8,ok
TIC 123901856,90.9327,-22.9332,8.12,0,,,,,3,4.7,ok
TIC 153186768,120.4751,-27.8176,8.12,0,,,,,5,6.3,ok
TIC 53174750,103.0896,-33.1872,8.12,0,,,,,4,4.5,ok
TIC 149839646,62.1941,-21.5274,8.12,0,,,,,1,2.6,ok
TIC 229076932,63.1907,-18.6466,8.12,0,,,,,1,1.6,ok
TIC 123662896,89.6983,-23.6191,8.12,0,,,,,3,3.9,ok
TIC 139419658,80.2609,-21.6839,8.12,0,,,,,4,4.9,ok
TIC 98855257,46.2073,-12.1722,8.12,0,,,,,2,2.6,ok
TIC 65322009,38.3978,-25.5782,8.12,0,,,,,4,4.7,ok
TIC 71131756,67.2453,-13.6616,8.12,0,,,,,3,4.4,ok
TIC 122556717,39.4432,-30.5721,8.12,0,,,,,4,5.0,ok
TIC 141167994,116.9064,-22.2825,8.12,0,,,,,3,3.5,ok
TIC 147709347,105.3579,-13.8561,8.12,0,,,,,2,2.4,ok
TIC 389857695,81.6745,-22.5868,8.12,0,,,,,4,4.6,ok
TIC 1127460,36.9273,-9.8053,8.12,0,,,,,3,4.4,ok
TIC 11688264,22.1942,-24.3405,8.12,0,,,,,2,2.8,ok
TIC 124228500,92.4203,-22.0158,8.12,0,,,,,2,2.5,ok
TIC 117842802,70.3029,-14.8358,8.12,0,,,,,2,3.0,ok
TIC 138759032,61.1811,-14.2501,8.13,0,,,,,2,2.5,ok
TIC 47643696,97.4715,-20.2315,8.13,0,,,,,1,1.5,ok
TIC 89185136,57.2951,-24.9302,8.13,0,,,,,1,1.6,ok
TIC 46560823,84.7309,-14.9696,8.13,0,,,,,2,3.4,ok
TIC 12632714,53.11,-11.9653,8.13,0,,,,,2,2.4,ok
TIC 144463670,49.0162,-28.6344,8.13,0,,,,,2,2.6,ok
TIC 117738772,96.1276,-33.4082,8.13,0,,,,,1,1.6,ok
TIC 128804236,118.3968,-27.2806,8.13,0,,,,,3,3.4,ok
TIC 124430088,93.1351,-22.3803,8.13,0,,,,,1,1.6,ok
TIC 29918917,24.7947,-7.2779,8.13,0,,,,,3,3.8,ok
TIC 393749015,80.8409,-21.2132,8.13,0,,,,,4,4.7,ok
TIC 13934072,75.0487,-37.9946,8.13,0,,,,,3,4.2,ok
TIC 4647125,38.2307,-8.7004,8.13,0,,,,,2,2.3,ok
TIC 169449538,77.4802,-14.8185,8.13,0,,,,,2,3.0,ok
TIC 178894226,67.6593,-29.293,8.13,0,,,,,4,4.7,ok
TIC 129272347,118.7458,-29.7634,8.13,0,,,,,4,3.9,ok
TIC 160350282,91.4902,-32.045,8.13,0,,,,,2,2.4,ok
TIC 266679787,28.1058,-20.6113,8.13,0,,,,,3,3.6,ok
TIC 317416913,87.9196,-14.9118,8.13,0,,,,,3,3.2,ok
TIC 178996904,70.0043,-28.5523,8.13,0,,,,,3,3.7,ok
TIC 33421946,87.5357,-18.2808,8.13,0,,,,,2,2.5,ok
TIC 33551471,88.1921,-23.6155,8.13,0,,,,,5,5.2,ok
TIC 332580587,62.1785,-17.7417,8.13,0,,,,,2,2.4,ok
TIC 113658743,113.5963,-32.3238,8.13,0,,,,,4,4.2,ok
TIC 332659944,63.0726,-12.9281,8.13,0,,,,,2,2.4,ok
TIC 100776705,88.3741,-35.825,8.13,0,,,,,5,5.4,ok
TIC 35650212,23.286,-1.7916,8.13,0,,,,,6,6.6,ok
TIC 52389054,100.2416,-31.9756,8.13,0,,,,,4,4.0,ok
TIC 72668676,33.3561,-28.6897,8.13,0,,,,,2,2.2,ok
TIC 127139216,116.7083,-29.9484,8.14,0,,,,,2,2.7,ok
TIC 123725353,89.8744,-19.9916,8.14,0,,,,,3,3.6,ok
TIC 453075884,91.0472,-36.0051,8.14,0,,,,,4,4.6,ok
TIC 168790862,63.651,-35.1704,8.14,0,,,,,4,4.2,ok
TIC 36881963,43.3176,-8.9318,8.14,0,,,,,2,2.3,ok
TIC 346492238,97.1016,-17.2986,8.14,0,,,,,3,3.2,ok
TIC 64107645,39.7601,-20.8872,8.14,0,,,,,3,3.7,ok
TIC 442930652,80.9656,-16.2741,8.14,0,,,,,4,4.7,ok
TIC 127737770,117.2818,-28.7215,8.14,0,,,,,3,3.4,ok
TIC 124378547,92.8806,-23.7828,8.14,0,,,,,2,2.4,ok
TIC 13205578,77.3069,-28.0469,8.14,0,,,,,3,3.8,ok
TIC 204613960,41.6782,-22.6612,8.14,0,,,,,3,3.6,ok
TIC 44646912,59.4665,-27.8723,8.14,0,,,,,3,3.3,ok
TIC 201497357,93.0935,-30.4814,8.14,0,,,,,2,2.7,ok
TIC 121079537,56.7696,-20.2126,8.14,0,,,,,2,2.3,ok
TIC 89094896,54.7499,-24.0878,8.14,0,,,,,0,4.8,aucune_donnee
TIC 172599125,100.8842,-24.0361,8.14,0,,,,,2,2.6,ok
TIC 307173946,108.2443,-12.9374,8.14,0,,,,,1,1.6,ok
TIC 70961708,64.7839,-13.3298,8.14,0,,,,,2,2.4,ok
TIC 48520484,99.9828,-23.7038,8.14,0,,,,,4,4.0,ok
TIC 108645835,112.3677,-28.5042,8.14,0,,,,,4,4.9,ok
TIC 48745770,100.3399,-21.1986,8.14,0,,,,,4,4.8,ok
TIC 33742493,93.2611,-16.8941,8.14,0,,,,,3,3.7,ok
TIC 332706695,63.6884,-14.155,8.14,0,,,,,2,2.5,ok
TIC 32497834,84.0668,-24.6268,8.14,0,,,,,5,5.5,ok
TIC 1396359,74.2803,-33.6832,8.14,0,,,,,2,2.9,ok
TIC 398798136,78.2005,-22.5076,8.14,0,,,,,2,2.7,ok
TIC 77841049,78.0819,-33.3951,8.14,0,,,,,4,4.5,ok
TIC 409087947,109.4484,-14.264,8.15,0,,,,,4,4.3,ok
TIC 325685804,59.5323,-16.242,8.15,0,,,,,3,3.3,ok
TIC 231385237,114.9557,-22.1939,8.15,0,,,,,3,3.3,ok
TIC 51932858,98.4557,-33.0383,8.15,0,,,,,4,4.1,ok
TIC 89186641,57.6075,-29.6762,8.15,0,,,,,2,2.5,ok
TIC 443505913,99.0752,-14.3448,8.15,0,,,,,2,2.4,ok
TIC 48597836,100.0631,-19.0964,8.15,0,,,,,2,2.4,ok
TIC 24461446,82.5138,-32.4638,8.15,0,,,,,5,5.4,ok
TIC 246930276,73.8306,-14.7375,8.15,0,,,,,3,3.9,ok
TIC 71010540,65.4595,-13.8819,8.15,0,,,,,2,2.5,ok
TIC 142131044,118.1592,-21.4016,8.15,0,,,,,4,4.7,ok
TIC 49771472,96.0994,-27.653,8.15,0,,,,,3,3.0,ok
TIC 123979169,91.419,-18.3483,8.15,0,,,,,2,2.8,ok
TIC 149404894,115.8872,-30.3229,8.15,0,,,,,3,3.3,ok
TIC 97423262,106.6542,-33.9437,8.15,0,,,,,6,5.9,ok
TIC 52809328,101.8142,-30.7816,8.15,0,,,,,4,4.0,ok
TIC 128465330,118.0879,-29.2511,8.15,0,,,,,5,4.9,ok
TIC 126103971,115.5788,-25.7589,8.15,0,,,,,3,3.8,ok
TIC 268638709,17.0188,-21.6163,8.15,0,,,,,3,3.5,ok
TIC 30016965,43.055,-13.085,8.15,0,,,,,2,2.4,ok
TIC 172996332,102.0582,-24.5174,8.15,0,,,,,4,4.0,ok
TIC 123847991,90.6838,-18.1563,8.16,0,,,,,2,2.8,ok
TIC 24909374,27.0579,-9.2404,8.16,0,,,,,3,3.7,ok
TIC 402146391,70.704,-20.14,8.16,0,,,,,1,1.8,ok
TIC 402135738,50.8717,-16.2729,8.16,0,,,,,2,2.3,ok
TIC 64112314,40.4299,-21.1712,8.16,0,,,,,3,3.7,ok
TIC 346884032,117.2221,-16.7934,8.16,0,,,,,4,4.6,ok
TIC 92983142,28.0318,-14.0777,8.16,0,,,,,0,1.3,aucune_donnee
TIC 124983202,95.5891,-31.764,8.16,0,,,,,3,3.1,ok
TIC 107004196,110.5783,-27.5104,8.16,0,,,,,4,4.5,ok
TIC 168794172,63.985,-31.9878,8.16,0,,,,,4,4.3,ok
TIC 63423875,105.1484,-24.288,8.16,0,,,,,3,3.3,ok
TIC 35161763,101.6801,-17.7541,8.16,0,,,,,4,3.9,ok
TIC 63942577,36.2869,-19.8301,8.16,0,,,,,3,3.8,ok
TIC 266735031,28.9726,-22.5779,8.16,0,,,,,3,3.7,ok
TIC 31194276,81.9666,-29.574,8.16,0,,,,,4,4.5,ok
TIC 34792467,96.1714,-15.7742,8.16,0,,,,,3,3.3,ok
TIC 110799183,114.7289,-26.6479,8.16,0,,,,,4,4.6,ok
TIC 106493921,109.8475,-26.5209,8.16,0,,,,,6,5.8,ok
TIC 139552377,64.3141,-19.4633,8.16,0,,,,,3,3.2,ok
TIC 129998442,119.5509,-25.9734,8.16,0,,,,,5,4.9,ok
TIC 110224539,114.0917,-29.7861,8.16,0,,,,,4,4.5,ok
TIC 71445771,47.5678,-20.5558,8.16,0,,,,,1,1.5,ok
TIC 284121687,18.9461,-9.7872,8.16,0,,,,,2,2.8,ok
TIC 284121338,18.5161,-11.8323,8.16,0,,,,,0,4.2,aucune_donnee
TIC 266734906,28.9865,-21.8256,8.16,0,,,,,3,3.7,ok
TIC 442985721,81.6815,-15.7632,8.16,0,,,,,2,2.9,ok
TIC 307075530,108.1536,-16.594,8.16,0,,,,,4,4.1,ok
TIC 99148388,107.8923,-20.2145,8.16,0,,,,,2,2.4,ok
TIC 77230014,69.3888,-37.4628,8.16,0,,,,,5,5.5,ok
TIC 117764691,96.3173,-34.3786,8.16,0,,,,,3,3.1,ok
TIC 88525516,48.2786,-26.038,8.16,0,,,,,0,1.9,aucune_donnee
TIC 70899731,64.1891,-14.8598,8.16,0,,,,,2,2.4,ok
TIC 385796408,111.1009,-16.0634,8.16,0,,,,,4,4.2,ok
TIC 31378425,83.454,-29.0011,8.16,0,,,,,4,4.6,ok
TIC 99921371,108.9214,-19.1725,8.16,0,,,,,3,3.4,ok
TIC 1274876,72.7027,-34.231,8.16,0,,,,,4,4.7,ok
TIC 89113546,55.3502,-25.3452,8.16,0,,,,,2,2.3,ok
TIC 32925519,87.3628,-25.8036,8.16,0,,,,,5,5.5,ok
TIC 37878303,94.3989,-25.3973,8.16,0,,,,,3,3.2,ok
TIC 14162465,77.94,-36.3806,8.16,0,,,,,3,3.8,ok
TIC 441510228,48.1513,-16.7777,8.17,0,,,,,2,2.4,ok
TIC 70911570,64.5077,-17.0638,8.17,0,,,,,2,2.4,ok
TIC 55495946,110.6242,-13.9245,8.17,0,,,,,3,3.3,ok
TIC 78816713,103.2824,-19.3287,8.17,0,,,,,3,3.3,ok
TIC 121049256,56.2582,-19.135,8.17,0,,,,,2,2.3,ok
TIC 12632445,53.0784,-10.741,8.17,0,,,,,2,2.4,ok
TIC 33102973,88.7806,-28.7012,8.17,0,,,,,5,5.8,ok
TIC 117878802,70.6001,-15.5013,8.17,0,,,,,2,3.3,ok
TIC 398780062,72.1482,-20.4301,8.17,0,,,,,3,3.6,ok
TIC 139164378,111.4659,-23.6823,8.17,0,,,,,4,4.4,ok
TIC 48609355,100.0729,-22.7704,8.17,0,,,,,2,2.5,ok
TIC 60039549,94.9253,-19.1071,8.17,0,,,,,2,2.4,ok
TIC 23219822,47.2912,-10.0778,8.17,0,,,,,2,2.4,ok
TIC 139827657,68.3325,-21.3761,8.17,0,,,,,2,2.9,ok
TIC 34079617,94.2484,-16.1026,8.17,0,,,,,3,3.3,ok
TIC 325683918,37.3221,-17.2572,8.17,0,,,,,2,2.9,ok
TIC 325680684,36.9371,-11.9791,8.17,0,,,,,3,3.6,ok
TIC 93051463,52.3869,-16.9988,8.17,0,,,,,2,2.4,ok
TIC 439404412,18.4279,-11.9286,8.17,0,,,,,0,3.1,aucune_donnee
TIC 148513326,106.6223,-14.7182,8.17,0,,,,,3,3.2,ok
TIC 50579310,112.5968,-12.305,8.17,0,,,,,3,3.2,ok
TIC 439495617,21.7626,-18.3478,8.17,0,,,,,3,3.7,ok
TIC 79538446,104.4826,-22.7693,8.17,0,,,,,4,4.1,ok
TIC 423782901,52.052,-29.4278,8.17,0,,,,,2,2.3,ok
TIC 47600690,97.4184,-22.5046,8.18,0,,,,,2,2.2,ok
TIC 124033330,91.7194,-19.9399,8.18,0,,,,,3,3.7,ok
TIC 88406214,45.4093,-25.4272,8.18,0,,,,,3,4.1,ok
TIC 456741271,112.8768,-23.3641,8.18,0,,,,,3,3.6,ok
TIC 404746428,15.6718,-20.5366,8.18,0,,,,,3,3.5,ok
TIC 142606454,103.3928,-16.86,8.18,0,,,,,2,2.4,ok
TIC 24449149,82.1512,-31.0845,8.18,0,,,,,2,2.4,ok
TIC 157003013,104.4605,-37.0218,8.18,0,,,,,7,7.2,ok
TIC 71150049,67.3988,-15.938,8.18,0,,,,,1,1.5,ok
TIC 144539383,52.2553,-24.8956,8.18,0,,,,,0,5.2,aucune_donnee
TIC 770660,74.9015,-27.6095,8.18,0,,,,,3,3.8,ok
TIC 94702007,115.9098,-17.5637,8.18,0,,,,,4,4.1,ok
TIC 48888583,100.7186,-18.1669,8.18,0,,,,,3,3.2,ok
TIC 441511530,48.2949,-12.7247,8.18,0,,,,,2,2.4,ok
TIC 31196533,82.0235,-24.0922,8.18,0,,,,,4,4.6,ok
TIC 93445759,87.152,-20.6339,8.18,0,,,,,5,5.2,ok
TIC 24941657,28.6128,-7.3755,8.18,0,,,,,0,3.8,aucune_donnee
TIC 52283671,99.8237,-30.3105,8.18,0,,,,,4,4.1,ok
TIC 66626921,38.5371,-14.6223,8.18,0,,,,,3,3.7,ok
TIC 127260351,116.7991,-25.7495,8.18,0,,,,,4,4.3,ok
TIC 36758163,40.9656,-7.1994,8.18,0,,,,,2,2.4,ok
TIC 148581544,106.5599,-16.2116,8.18,0,,,,,3,3.1,ok
TIC 127483996,117.0507,-27.1824,8.18,0,,,,,4,4.0,ok
TIC 170749868,68.2387,-33.0963,8.18,0,,,,,5,6.0,ok
TIC 172992981,101.9979,-27.189,8.18,0,,,,,4,4.4,ok
TIC 178320411,61.0678,-21.3475,8.18,0,,,,,0,2.8,aucune_donnee
TIC 152321871,119.7996,-31.0765,8.18,0,,,,,3,3.2,ok
TIC 9903455,49.5252,-9.4592,8.18,0,,,,,2,2.6,ok
TIC 425078068,41.2984,-12.1606,8.18,0,,,,,2,2.3,ok
TIC 229077391,63.3753,-19.3342,8.18,0,,,,,2,3.6,ok
TIC 92344166,51.0966,-21.6685,8.18,0,,,,,1,1.7,ok
TIC 393158945,93.1646,-37.9317,8.18,0,,,,,6,6.7,ok
TIC 70890966,64.0766,-13.3848,8.18,0,,,,,1,1.6,ok
TIC 412347194,110.5931,-19.2078,8.18,0,,,,,5,5.5,ok
TIC 237399733,95.9533,-37.9793,8.18,0,,,,,4,5.2,ok
TIC 149310724,115.9636,-35.1726,8.18,0,,,,,5,5.4,ok
TIC 142888833,51.8464,-34.5061,8.19,0,,,,,3,4.2,ok
TIC 188989135,78.8003,-15.2205,8.19,0,,,,,3,4.7,ok
TIC 13021705,75.5515,-24.1511,8.19,0,,,,,2,3.1,ok
TIC 419240384,120.7568,-31.8389,8.19,0,,,,,3,4.0,ok
TIC 156460370,56.632,-15.2489,8.19,0,,,,,2,2.7,ok
TIC 143024288,54.5651,-34.3291,8.19,0,,,,,2,2.5,ok
TIC 153212208,90.0282,-27.6229,8.19,0,,,,,4,4.4,ok
TIC 393315886,93.8866,-36.6779,8.19,0,,,,,5,6.0,ok
TIC 93103454,84.9262,-23.8767,8.19,0,,,,,5,5.7,ok
TIC 204613238,41.6191,-18.8954,8.19,0,,,,,3,4.4,ok
TIC 423441177,51.0399,-15.1716,8.19,0,,,,,2,2.9,ok
TIC 70557022,37.7105,-24.6767,8.19,0,,,,,3,3.7,ok
TIC 96866347,105.2309,-30.5516,8.19,0,,,,,5,6.4,ok
TIC 24910593,27.4387,-11.9059,8.19,0,,,,,3,4.9,ok
TIC 65345479,39.4211,-29.3235,8.19,0,,,,,3,3.3,ok
TIC 126204135,115.7918,-29.5556,8.19,0,,,,,4,5.2,ok
TIC 409012955,92.6664,-17.3269,8.19,0,,,,,0,1.1,aucune_donnee
TIC 32757760,86.2404,-27.416,8.19,0,,,,,5,5.6,ok
TIC 70901501,64.3581,-13.4794,8.19,0,,,,,0,3.2,aucune_donnee
TIC 146422875,75.3215,-18.366,8.19,0,,,,,2,3.2,ok
TIC 268765764,31.9961,-18.9128,8.19,0,,,,,2,3.7,ok
TIC 740069,74.6323,-26.9271,8.19,0,,,,,3,3.8,ok
TIC 166750610,56.7385,-33.6993,8.19,0,,,,,1,1.8,ok
TIC 382342163,65.9005,-17.5477,8.19,0,,,,,2,3.9,ok
TIC 92360851,52.4111,-21.4208,8.19,0,,,,,2,2.9,ok
TIC 100532520,86.3997,-34.2006,8.19,0,,,,,6,6.6,ok
TIC 170791122,69.6224,-35.5093,8.19,0,,,,,4,6.0,ok
TIC 139753245,67.5945,-23.4951,8.19,0,,,,,3,3.8,ok
TIC 144651951,53.9609,-26.7875,8.19,0,,,,,1,1.4,ok
TIC 404747310,33.0209,-21.5575,8.19,0,,,,,3,3.8,ok
TIC 320411784,110.2107,-34.3251,8.19,0,,,,,5,5.2,ok
TIC 139650308,65.693,-20.2428,8.19,0,,,,,1,2.1,ok
TIC 34435164,95.335,-17.5214,8.19,0,,,,,1,1.8,ok
TIC 166699944,55.5278,-30.2579,8.2,0,,,,,1,1.6,ok
TIC 148480104,102.6162,-37.4986,8.2,0,,,,,1,2.0,ok
TIC 108946638,112.8462,-29.181,8.2,0,,,,,4,4.5,ok
TIC 299654048,102.1822,-21.363,8.2,0,,,,,2,3.1,ok
TIC 66237401,109.0727,-25.2763,8.2,0,,,,,6,6.1,ok
TIC 32537147,20.5727,-12.4518,8.2,0,,,,,2,3.4,ok
TIC 168788561,63.3905,-33.5054,8.2,0,,,,,3,3.5,ok
TIC 143169288,89.9475,-30.2913,8.2,0,,,,,5,5.8,ok
TIC 50105443,112.0046,-14.0248,8.2,0,,,,,3,3.4,ok
TIC 441127437,39.5144,-17.1561,8.2,0,,,,,3,4.3,ok
TIC 32675703,85.6981,-28.0035,8.2,0,,,,,6,6.6,ok
TIC 32674544,85.721,-29.3298,8.2,0,,,,,1,2.3,ok
TIC 147030230,104.0708,-17.2007,8.2,0,,,,,4,4.0,ok
TIC 124128025,92.0845,-18.453,8.2,0,,,,,0,12.0,aucune_donnee
TIC 178940302,68.6538,-28.2101,8.2,0,,,,,4,4.9,ok
TIC 97794273,107.3234,-35.7942,8.2,0,,,,,5,5.3,ok
TIC 4720694,39.2376,-8.3433,8.2,0,,,,,2,2.8,ok
TIC 65541415,108.2904,-28.5115,8.2,0,,,,,6,6.7,ok
TIC 170806037,70.0247,-31.3087,8.2,0,,,,,4,4.9,ok
TIC 33994895,94.1249,-15.2876,8.2,0,,,,,3,3.7,ok
TIC 49014091,101.1002,-20.5652,8.2,0,,,,,3,3.6,ok
TIC 59705619,93.645,-23.7312,8.2,0,,,,,0,3.3,aucune_donnee
TIC 288071288,98.0859,-17.6297,8.2,0,,,,,2,2.7,ok
TIC 121710533,73.043,-19.4435,8.2,0,,,,,0,4.9,aucune_donnee
TIC 147037759,104.2015,-15.3843,8.2,0,,,,,4,7.4,ok
TIC 72651897,32.8064,-29.1747,8.21,0,,,,,3,4.0,ok
TIC 78824322,103.2821,-23.3057,8.21,0,,,,,4,4.5,ok
TIC 146517223,76.3986,-22.5124,8.21,0,,,,,1,2.4,ok
TIC 237397486,95.7869,-37.2257,8.21,0,,,,,4,4.8,ok
TIC 170767793,68.7786,-30.7834,8.21,0,,,,,2,3.2,ok
TIC 37500943,92.7727,-28.8052,8.21,0,,,,,4,5.6,ok
TIC 172463053,100.192,-28.8525,8.21,0,,,,,4,4.5,ok
TIC 71344880,44.93,-23.3817,8.21,0,,,,,3,4.4,ok
TIC 53127645,102.9356,-31.8311,8.21,0,,,,,1,1.4,ok
TIC 248986929,23.0001,-0.5693,8.21,0,,,,,0,9.6,aucune_donnee
TIC 49609982,95.3004,-24.5123,8.21,0,,,,,3,3.8,ok
TIC 441510081,48.1571,-15.9814,8.21,0,,,,,2,2.8,ok
TIC 52166974,99.1832,-33.5715,8.21,0,,,,,4,4.7,ok
TIC 72639071,32.1426,-28.5502,8.21,0,,,,,3,4.0,ok
TIC 268533482,15.0211,-21.0609,8.21,0,,,,,1,2.2,ok
TIC 51830300,97.8121,-35.6242,8.21,0,,,,,3,3.6,ok
TIC 63957607,36.6926,-22.9692,8.21,0,,,,,4,4.9,ok
TIC 36761827,41.328,-9.331,8.21,0,,,,,2,3.0,ok
TIC 168786960,63.3088,-31.2835,8.21,0,,,,,3,5.1,ok
TIC 439497052,22.0298,-21.5578,8.21,0,,,,,3,4.4,ok
TIC 442986062,81.7137,-16.4866,8.21,0,,,,,3,4.8,ok
TIC 9846565,48.3858,-10.9313,8.21,0,,,,,1,1.9,ok
TIC 139576233,64.5746,-22.7591,8.21,0,,,,,3,3.8,ok
TIC 179049387,64.6675,-24.4763,8.21,0,,,,,2,3.8,ok
TIC 77288621,70.5376,-37.4967,8.21,0,,,,,5,6.3,ok
TIC 48654979,96.6962,-29.4356,8.21,0,,,,,2,2.9,ok
TIC 141453396,117.2265,-18.0945,8.21,0,,,,,2,3.2,ok
TIC 31376834,83.462,-25.3106,8.21,0,,,,,4,5.2,ok
TIC 146599012,77.9047,-20.1641,8.21,0,,,,,2,3.4,ok
TIC 25062534,30.9268,-8.4997,8.21,0,,,,,3,4.4,ok
TIC 423477323,71.1348,-18.8963,8.21,0,,,,,2,3.4,ok
TIC 592638,71.7569,-29.7614,8.21,0,,,,,3,4.4,ok
TIC 65325436,38.9345,-26.697,8.21,0,,,,,4,5.0,ok
TIC 77993360,79.8152,-34.3457,8.22,0,,,,,4,5.2,ok
TIC 77994445,79.7893,-31.5349,8.22,0,,,,,3,3.9,ok
TIC 408249361,51.3485,-24.5778,8.22,0,,,,,0,1.3,aucune_donnee
TIC 156945430,104.239,-36.0976,8.22,0,,,,,6,6.7,ok
TIC 146435976,75.4372,-22.0255,8.22,0,,,,,1,2.0,ok
TIC 37660289,93.3894,-28.8697,8.22,0,,,,,0,8.8,aucune_donnee
TIC 23158527,109.8029,-36.1669,8.22,0,,,,,5,7.1,ok
TIC 156215902,56.4317,-12.9629,8.22,0,,,,,2,2.7,ok
TIC 209408331,45.0536,-31.6405,8.22,0,,,,,4,5.1,ok
TIC 146523613,76.8946,-18.0146,8.22,0,,,,,2,3.4,ok
TIC 1450635,75.2109,-31.8758,8.22,0,,,,,3,4.4,ok
TIC 96739823,104.7974,-33.8803,8.22,0,,,,,5,5.8,ok
TIC 266787533,30.5051,-21.7285,8.22,0,,,,,3,4.2,ok
TIC 143042696,55.1538,-35.091,8.22,0,,,,,2,2.8,ok
TIC 408108431,19.6877,-7.6343,8.22,0,,,,,2,3.0,ok
TIC 166774841,57.2654,-33.0847,8.22,0,,,,,2,3.3,ok
TIC 212384324,27.8775,-16.9892,8.22,0,,,,,3,4.2,ok
TIC 326211924,41.0304,-20.5235,8.22,0,,,,,3,4.4,ok
TIC 46387991,83.6511,-17.5532,8.22,0,,,,,3,4.3,ok
TIC 168903779,65.6379,-32.0849,8.23,0,,,,,0,3.9,aucune_donnee
TIC 142399528,103.0391,-15.2728,8.23,0,,,,,4,5.7,ok
TIC 317415049,87.8647,-17.9017,8.23,0,,,,,1,2.1,ok
TIC 65398159,40.486,-28.5467,8.23,0,,,,,4,5.0,ok
TIC 24588593,83.643,-35.3988,8.23,0,,,,,4,5.2,ok
TIC 408219471,82.0135,-20.8681,8.23,0,,,,,3,4.7,ok
TIC 29628184,97.1799,-32.8383,8.23,0,,,,,4,4.9,ok
TIC 149256307,115.7826,-31.6286,8.23,0,,,,,3,3.9,ok
TIC 241486154,25.1125,-1.6017,8.23,0,,,,,6,6.8,ok
TIC 31281062,82.4476,-27.069,8.23,0,,,,,4,5.9,ok
TIC 4645276,38.0793,-7.1694,8.23,0,,,,,2,3.6,ok
TIC 124276330,92.6884,-18.5191,8.23,0,,,,,0,2.5,aucune_donnee
TIC 65348249,39.7808,-24.5069,8.23,0,,,,,4,5.3,ok
TIC 44680547,60.2524,-25.175,8.23,0,,,,,3,3.8,ok
TIC 33591202,28.1752,-27.2455,8.23,0,,,,,3,4.3,ok
TIC 148180992,100.7915,-36.8172,8.23,0,,,,,0,8.2,aucune_donnee
TIC 398716817,31.911,-10.4837,8.23,0,,,,,3,4.4,ok
TIC 31172471,81.5731,-25.12,8.24,0,,,,,4,4.8,ok
TIC 156217202,56.4884,-16.7517,8.24,0,,,,,2,3.0,ok
TIC 157570498,107.0154,-37.054,8.24,0,,,,,6,6.7,ok
TIC 218986661,42.3389,-21.6562,8.24,0,,,,,2,3.5,ok
TIC 144495867,49.6071,-24.1018,8.24,0,,,,,1,2.0,ok
TIC 65143950,107.7282,-25.4232,8.24,0,,,,,5,5.6,ok
TIC 124773327,94.2075,-31.5714,8.24,0,,,,,3,4.9,ok
TIC 77861610,78.5422,-34.5882,8.24,0,,,,,4,4.8,ok
TIC 9846734,48.3427,-9.9973,8.24,0,,,,,2,2.6,ok
TIC 64139866,106.4797,-28.8874,8.24,0,,,,,1,1.6,ok
TIC 24613501,84.1412,-32.6693,8.24,0,,,,,6,6.7,ok
TIC 114018671,113.9853,-32.8424,8.24,0,,,,,?,141.1,timeout
TIC 37002569,90.1187,-27.8885,8.24,0,,,,,2,2.9,ok
TIC 33473838,87.8645,-19.7773,8.24,0,,,,,2,2.5,ok
TIC 201469850,92.8346,-30.2664,8.24,0,,,,,2,2.9,ok
TIC 47767910,97.8963,-19.2307,8.24,0,,,,,2,2.3,ok
TIC 121552593,69.1227,-18.1832,8.24,0,,,,,3,3.6,ok
TIC 299177883,22.4067,-6.6,8.24,0,,,,,0,4.9,aucune_donnee
TIC 166700282,55.583,-32.109,8.24,0,,,,,1,1.4,ok
TIC 268731286,18.4165,-20.0132,8.24,0,,,,,3,3.4,ok
TIC 257555692,46.5112,-19.2879,8.24,0,,,,,2,2.3,ok
TIC 421833481,100.6452,-16.2275,8.24,0,,,,,3,3.2,ok
TIC 241673139,26.3794,-2.2321,8.24,0,,,,,3,3.7,ok
TIC 442926107,80.7827,-17.2239,8.24,0,,,,,4,4.6,ok
TIC 32643234,85.524,-24.9746,8.24,0,,,,,5,5.3,ok
TIC 4646789,38.2319,-10.4805,8.24,0,,,,,2,2.3,ok
TIC 72667052,33.0804,-26.6402,8.24,0,,,,,3,3.7,ok
TIC 47589397,100.7511,-28.1898,8.24,0,,,,,4,4.0,ok
TIC 289006909,114.926,-14.2604,8.24,0,,,,,0,2.4,aucune_donnee
TIC 406501142,71.0293,-21.5424,8.24,0,,,,,2,2.7,ok
TIC 52543092,100.9092,-35.8584,8.25,0,,,,,5,4.9,ok
TIC 29902035,24.3674,-10.3316,8.25,0,,,,,2,2.3,ok
TIC 64105494,39.3402,-23.7226,8.25,0,,,,,4,4.7,ok
TIC 89255336,58.6462,-28.9973,8.25,0,,,,,1,1.4,ok
TIC 456679919,112.7434,-22.2641,8.25,0,,,,,2,2.4,ok
TIC 279371116,57.5517,-16.6366,8.25,0,,,,,2,2.3,ok
TIC 141594923,117.3994,-20.3855,8.25,0,,,,,0,1.4,aucune_donnee
TIC 172121921,98.1539,-29.5819,8.25,0,,,,,2,2.5,ok
TIC 71400887,46.937,-22.4532,8.25,0,,,,,2,2.3,ok
TIC 60037240,95.0343,-21.3253,8.25,0,,,,,3,3.1,ok
TIC 29845237,23.2935,-5.9755,8.25,0,,,,,3,3.5,ok
TIC 398798943,78.2491,-23.2388,8.25,0,,,,,3,3.8,ok
TIC 121593568,69.7283,-19.6273,8.25,0,,,,,2,2.3,ok
TIC 393482104,94.9491,-37.051,8.25,0,,,,,1,1.5,ok
TIC 709603,74.0518,-24.1466,8.25,0,,,,,3,3.6,ok
TIC 439457765,19.1792,-20.106,8.25,0,,,,,3,3.7,ok
TIC 201510150,93.0363,-33.2308,8.25,0,,,,,4,4.6,ok
TIC 64053673,38.5185,-20.0039,8.25,1,1.9242,11.3,rejete,variabilite_continue;eclipse_secondaire,3,6.0,ok
TIC 332643871,62.7493,-16.1938,8.25,0,,,,,3,3.3,ok
TIC 441130723,39.9572,-14.277,8.25,0,,,,,2,2.3,ok
TIC 80631801,105.7483,-18.3359,8.25,0,,,,,1,1.5,ok
TIC 148228019,101.1887,-36.6574,8.25,0,,,,,6,6.0,ok
TIC 24954856,28.8846,-8.6016,8.25,0,,,,,3,4.2,ok
TIC 121157284,58.233,-22.8979,8.25,0,,,,,1,2.0,ok
TIC 65481072,42.7447,-28.1325,8.26,0,,,,,4,4.5,ok
TIC 268635135,16.5629,-20.0605,8.26,0,,,,,3,3.7,ok
TIC 77702816,76.5204,-33.4427,8.26,0,,,,,2,2.4,ok
TIC 7697400,65.9051,-36.7921,8.26,0,,,,,4,4.0,ok
TIC 167658216,79.4226,-37.6187,8.26,0,,,,,2,2.6,ok
TIC 407585696,49.8643,-31.5609,8.26,0,,,,,3,3.6,ok
TIC 64145198,40.4732,-20.1995,8.26,0,,,,,0,3.4,aucune_donnee
TIC 219002249,42.9973,-18.3607,8.26,0,,,,,2,2.4,ok
TIC 346432884,96.9063,-15.783,8.26,0,,,,,1,1.5,ok
TIC 144602115,53.4676,-29.2247,8.26,0,,,,,2,2.2,ok
TIC 166932002,60.2197,-33.056,8.26,0,,,,,3,3.2,ok
TIC 257525895,46.0552,-23.1437,8.26,0,,,,,2,2.3,ok
TIC 231452024,109.1365,-35.7111,8.26,0,,,,,0,2.6,aucune_donnee
TIC 48397795,99.6055,-20.0169,8.26,0,,,,,3,3.2,ok
TIC 88363281,44.4187,-27.6681,8.26,0,,,,,2,2.5,ok
TIC 164696761,25.1036,-21.0119,8.26,0,,,,,2,2.8,ok
TIC 268859820,33.9778,-19.1374,8.26,0,,,,,3,3.6,ok
TIC 33526685,27.2157,-26.151,8.26,0,,,,,2,2.8,ok
TIC 93027670,84.1388,-18.3381,8.26,0,,,,,0,7.5,aucune_donnee
TIC 50210797,112.205,-14.8376,8.27,0,,,,,4,4.1,ok
TIC 66551180,16.9234,-16.4868,8.27,0,,,,,3,3.5,ok
TIC 107777430,111.5078,-25.078,8.27,0,,,,,2,2.3,ok
TIC 439401687,17.995,-17.8142,8.27,0,,,,,3,3.7,ok
TIC 287271497,32.0677,-12.3359,8.27,0,,,,,2,2.9,ok
TIC 262419253,108.7548,-19.9933,8.27,0,,,,,3,3.4,ok
TIC 140018852,115.4998,-18.7337,8.27,0,,,,,4,4.8,ok
TIC 54017570,23.864,-17.3989,8.27,0,,,,,2,2.2,ok
TIC 241445794,24.7798,-2.2761,8.27,0,,,,,3,3.1,ok
TIC 55856062,23.0901,-25.3026,8.27,0,,,,,2,2.9,ok
TIC 24532699,83.3133,-32.9631,8.27,0,,,,,5,5.8,ok
TIC 37352775,92.0197,-28.4103,8.27,0,,,,,3,3.8,ok
TIC 4741056,39.6503,-7.5302,8.27,0,,,,,2,2.3,ok
TIC 101267471,103.4133,-34.7389,8.27,0,,,,,7,6.7,ok
TIC 168902063,65.4718,-32.1878,8.27,0,,,,,4,4.2,ok
TIC 139449464,111.8128,-19.9985,8.27,0,,,,,3,3.5,ok
TIC 48322461,99.3111,-23.3115,8.27,0,,,,,2,2.3,ok
TIC 152372069,65.3787,-28.9192,8.27,0,,,,,4,4.0,ok
TIC 153525066,120.8577,-28.9989,8.27,0,,,,,3,3.2,ok
TIC 250420073,32.0787,-5.7435,8.27,0,,,,,0,1.9,aucune_donnee
TIC 121157863,58.2308,-20.0594,8.27,0,,,,,3,3.1,ok
TIC 123799430,90.5013,-21.8038,8.27,0,,,,,2,2.7,ok
TIC 46687825,85.4663,-17.2158,8.27,0,,,,,2,2.9,ok
TIC 24612992,84.1524,-33.9607,8.27,0,,,,,6,6.2,ok
TIC 64440008,106.8662,-25.6035,8.28,0,,,,,0,4.3,aucune_donnee
TIC 13957444,75.4878,-37.0393,8.28,0,,,,,3,3.7,ok
TIC 167459966,17.965,-13.6941,8.28,0,,,,,2,2.8,ok
TIC 1028751,33.7316,-6.6505,8.28,0,,,,,2,2.8,ok
TIC 120979167,55.0068,-22.1698,8.28,0,,,,,2,2.3,ok
TIC 295405448,108.6911,-14.4011,8.28,0,,,,,4,4.2,ok
TIC 93017596,28.8299,-14.1048,8.28,0,,,,,3,3.5,ok
TIC 439408999,18.9483,-17.3846,8.28,0,,,,,3,3.5,ok
TIC 420981230,82.2837,-18.4937,8.28,0,,,,,2,2.3,ok
TIC 176799235,48.6916,-33.861,8.28,0,,,,,2,2.8,ok
TIC 423477366,71.108,-18.8159,8.28,0,,,,,1,1.6,ok
TIC 593230,71.8449,-27.8403,8.28,0,,,,,2,2.5,ok
TIC 65398804,40.5366,-27.3605,8.28,0,,,,,3,3.7,ok
TIC 29853290,23.8275,-7.5795,8.28,0,,,,,3,3.7,ok
TIC 98722249,43.7824,-16.0473,8.28,0,,,,,2,2.3,ok
TIC 121549032,68.6963,-19.2026,8.28,0,,,,,3,3.6,ok
TIC 248964429,22.4563,-3.3363,8.28,0,,,,,4,4.3,ok
TIC 107941054,111.5992,-29.689,8.28,0,,,,,5,5.5,ok
TIC 290177703,32.4606,-13.2082,8.28,0,,,,,2,2.9,ok
TIC 66554245,17.255,-12.0927,8.28,0,,,,,0,2.8,aucune_donnee
TIC 66626651,38.4937,-12.9513,8.28,0,,,,,2,2.7,ok
TIC 113668546,113.5726,-35.5508,8.29,0,,,,,5,4.9,ok
TIC 89096495,54.8917,-27.364,8.29,0,,,,,2,2.3,ok
TIC 144598588,52.9952,-25.543,8.29,0,,,,,0,1.5,aucune_donnee
TIC 139735373,67.3392,-21.429,8.29,0,,,,,3,3.9,ok
TIC 33590609,28.0743,-24.2993,8.29,0,,,,,3,3.7,ok
TIC 95111132,90.5291,-15.216,8.29,0,,,,,1,1.6,ok
TIC 48658675,96.8693,-25.3661,8.29,0,,,,,2,2.3,ok
TIC 156929885,57.2064,-13.8744,8.29,0,,,,,2,2.3,ok
TIC 91556441,44.1761,-30.8602,8.29,0,,,,,4,4.6,ok
TIC 60584677,96.5847,-21.9043,8.29,0,,,,,3,3.1,ok
TIC 88523276,48.0218,-27.5781,8.29,0,,,,,3,3.8,ok
TIC 117760750,69.4491,-17.4198,8.29,0,,,,,3,4.8,ok
TIC 404463096,25.6243,-12.3206,8.29,0,,,,,2,2.5,ok
TIC 97930762,107.8364,-30.2004,8.29,0,,,,,0,2.0,aucune_donnee
TIC 88483134,47.4182,-26.2552,8.29,0,,,,,0,1.5,aucune_donnee
TIC 1527618,75.7583,-32.6209,8.29,0,,,,,3,3.8,ok
TIC 149894112,116.7791,-34.4669,8.29,0,,,,,5,5.0,ok
TIC 122522501,38.5971,-30.6984,8.29,0,,,,,4,4.2,ok
TIC 64105756,39.5066,-22.1318,8.29,0,,,,,2,3.6,ok
TIC 4742308,39.7861,-9.5303,8.29,0,,,,,2,2.3,ok
TIC 78012819,80.0198,-31.1665,8.29,0,,,,,3,3.2,ok
TIC 97061559,105.8492,-34.7541,8.29,0,,,,,7,6.7,ok
TIC 13063562,75.6811,-26.6355,8.29,0,,,,,3,3.7,ok
TIC 266723961,28.875,-20.8066,8.29,0,,,,,2,2.4,ok
TIC 179016010,70.5135,-29.6317,8.3,0,,,,,3,3.6,ok
TIC 121566628,69.1828,-21.0762,8.3,0,,,,,3,3.6,ok
TIC 144537920,51.0479,-27.1382,8.3,0,,,,,2,2.9,ok
TIC 59887764,94.3874,-23.5294,8.3,0,,,,,3,3.3,ok
TIC 178829973,66.273,-29.4165,8.3,0,,,,,2,2.4,ok
TIC 248953598,21.2637,-4.1579,8.3,0,,,,,4,4.3,ok
TIC 172119690,98.2004,-26.9436,8.3,0,,,,,3,3.2,ok
TIC 279538417,59.3492,-17.5328,8.3,0,,,,,3,3.1,ok
TIC 322685849,99.2341,-28.3396,8.3,0,,,,,4,3.8,ok
TIC 53816395,103.507,-27.7599,8.3,0,,,,,5,5.2,ok
TIC 289255259,115.1526,-13.3219,8.3,0,,,,,0,2.4,aucune_donnee
TIC 349123271,114.2917,-21.8075,8.3,0,,,,,3,3.1,ok
TIC 71372819,45.5545,-21.751,8.3,0,,,,,2,2.4,ok
TIC 608932,72.1556,-24.942,8.3,0,,,,,2,2.7,ok
TIC 140871895,116.5055,-19.4344,8.3,0,,,,,3,3.3,ok
TIC 46641544,85.3992,-16.3148,8.3,0,,,,,4,4.8,ok
TIC 77894005,78.6119,-30.3495,8.3,0,,,,,4,4.6,ok
TIC 124436164,93.2931,-18.8549,8.3,0,,,,,2,2.5,ok
TIC 80277419,105.348,-22.508,8.3,0,,,,,4,4.3,ok
TIC 170636870,66.5486,-30.8999,8.3,0,,,,,4,4.5,ok
TIC 257395606,34.8788,-20.6122,8.3,0,,,,,4,4.6,ok
TIC 168830930,64.0562,-30.8656,8.3,0,,,,,4,4.2,ok
TIC 287204371,29.8767,-8.0105,8.3,0,,,,,2,2.7,ok
TIC 33742428,93.1618,-16.8097,8.3,1,4.9553,11.2,rejete,eclipse_secondaire;compagnon_trop_gros_3.8Rjup,2,3.7,ok
TIC 77359410,72.1517,-37.4356,8.31,0,,,,,5,5.5,ok
TIC 442924534,80.7223,-15.0246,8.31,0,,,,,3,3.3,ok
TIC 346427274,96.8293,-14.8017,8.31,0,,,,,1,1.5,ok
TIC 279432162,57.9708,-13.587,8.31,0,,,,,3,3.2,ok
TIC 77957666,79.4862,-35.3682,8.31,0,,,,,4,4.5,ok
TIC 166764364,57.1363,-31.7807,8.31,0,,,,,2,2.4,ok
TIC 166869616,59.0348,-32.6658,8.31,0,,,,,2,2.8,ok
TIC 62381039,29.001,-16.959,8.31,0,,,,,3,3.7,ok
TIC 93374234,86.666,-18.9636,8.31,0,,,,,4,4.5,ok
TIC 322569826,23.8955,-24.504,8.31,0,,,,,2,2.8,ok
TIC 89149898,55.796,-28.1396,8.31,0,,,,,2,2.3,ok
TIC 129798203,119.348,-26.8723,8.31,0,,,,,5,5.1,ok
TIC 88523868,48.0078,-24.0601,8.31,0,,,,,2,2.2,ok
TIC 179034196,64.2358,-27.5986,8.31,0,,,,,4,4.0,ok
TIC 178289086,60.9784,-18.1391,8.31,0,,,,,0,1.7,aucune_donnee
TIC 441128932,39.79,-14.993,8.31,0,,,,,2,2.8,ok
TIC 167459833,17.9762,-14.5546,8.31,0,,,,,2,2.8,ok
TIC 250386407,30.1426,-3.9428,8.31,0,,,,,2,2.9,ok
TIC 64054145,38.6031,-19.2173,8.31,0,,,,,0,2.3,aucune_donnee
TIC 332648771,62.8987,-14.4147,8.31,0,,,,,1,1.5,ok
TIC 123848181,90.6541,-18.3997,8.31,0,,,,,1,1.9,ok
TIC 439467067,20.5803,-19.5787,8.31,0,,,,,2,2.7,ok
TIC 164775178,27.2864,-17.994,8.31,0,,,,,3,3.5,ok
TIC 33103493,88.7789,-29.7126,8.32,0,,,,,5,5.3,ok
TIC 96444201,104.1138,-31.5469,8.32,0,,,,,2,2.4,ok
TIC 36828979,42.0964,-11.2272,8.32,0,,,,,2,2.5,ok
TIC 95513182,107.3072,-16.3172,8.32,0,,,,,3,3.4,ok
TIC 33590498,28.0866,-25.0448,8.32,0,,,,,3,3.5,ok
TIC 344370235,30.1574,-25.3162,8.32,0,,,,,3,3.6,ok
TIC 35705915,24.0517,-0.8178,8.32,0,,,,,6,6.0,ok
TIC 48239142,99.3257,-17.9462,8.32,0,,,,,2,2.3,ok
TIC 33649994,29.7554,-27.2516,8.32,0,,,,,3,3.6,ok
TIC 178200282,58.6236,-18.0713,8.32,0,,,,,2,2.3,ok
TIC 393159359,93.2079,-37.0814,8.32,0,,,,,2,2.8,ok
TIC 179048360,64.4941,-28.4473,8.32,0,,,,,4,4.1,ok
TIC 120896927,36.8676,-27.6368,8.32,0,,12.9,rejete,variabilite_continue,4,9.5,ok
TIC 137883862,48.377,-23.0269,8.32,0,,,,,2,2.5,ok
TIC 92994199,28.5948,-15.725,8.32,0,,,,,3,3.6,ok
TIC 129434444,118.863,-25.5854,8.32,0,,,,,0,4.3,aucune_donnee
TIC 201427724,92.4085,-34.1802,8.33,0,,,,,4,4.6,ok
TIC 53459373,102.9122,-28.6347,8.33,0,,,,,5,4.9,ok
TIC 31285342,82.715,-24.9685,8.33,0,,,,,4,4.5,ok
TIC 404462163,25.4977,-17.1797,8.33,0,,,,,3,3.6,ok
TIC 409385807,109.9014,-13.725,8.33,0,,,,,3,3.3,ok
TIC 332714723,32.5988,-3.7348,8.33,0,,,,,2,2.8,ok
TIC 170785439,69.1757,-33.6096,8.33,0,,,,,5,5.6,ok
TIC 317878141,89.5686,-14.7255,8.33,0,,,,,2,2.5,ok
TIC 170847981,70.2274,-33.0655,8.33,0,,,,,4,4.7,ok
TIC 44738976,61.0944,-27.6553,8.33,0,,,,,3,3.4,ok
TIC 88405947,45.2877,-26.8755,8.33,0,,,,,1,1.9,ok
TIC 156759343,103.3548,-36.4422,8.33,0,,,,,6,5.7,ok
TIC 37599128,92.9714,-25.2004,8.33,0,,,,,1,1.4,ok
TIC 139561199,111.9734,-22.167,8.33,0,,,,,3,3.2,ok
TIC 32536772,20.4526,-13.5596,8.33,0,,,,,1,1.9,ok
TIC 111865318,111.2599,-35.4876,8.33,0,,,,,5,5.0,ok
TIC 408130663,35.5444,-7.4814,8.33,0,,,,,3,3.7,ok
TIC 112481952,112.3041,-35.3776,8.33,0,,,,,4,4.0,ok
TIC 44893737,63.5813,-28.3328,8.33,0,,,,,4,4.2,ok
TIC 289011971,114.8819,-16.2698,8.33,0,,12.9,rejete,variabilite_continue;eclipse_secondaire;compagnon_trop_gros_10.2Rjup,4,6.8,ok
TIC 1030078,33.9241,-9.0131,8.33,0,,,,,2,3.0,ok
TIC 29627456,97.0759,-33.8721,8.34,0,,,,,4,4.0,ok
TIC 266716692,28.5595,-18.7797,8.34,0,,,,,2,2.2,ok
TIC 143170903,89.9453,-33.6157,8.34,0,,,,,5,5.4,ok
TIC 13145226,76.8877,-26.7884,8.34,0,,,,,2,2.4,ok
TIC 113026201,112.7931,-32.097,8.34,0,,,,,4,4.1,ok
TIC 168675425,61.3522,-33.5755,8.34,0,,,,,3,3.6,ok
TIC 169318872,75.9304,-14.6343,8.34,0,,,,,3,3.6,ok
TIC 10008727,51.1697,-10.4177,8.34,0,,,,,2,2.2,ok
TIC 52804230,101.7306,-35.6562,8.34,0,,,,,3,3.3,ok
TIC 168873996,65.3282,-33.8371,8.34,0,,,,,4,4.2,ok
TIC 300030126,99.1599,-27.5056,8.34,0,,,,,4,4.0,ok
TIC 44737818,60.8798,-26.4815,8.34,0,,,,,3,3.2,ok
TIC 160351708,91.6098,-34.9745,8.34,0,,,,,4,4.4,ok
TIC 14161523,77.6873,-38.2924,8.34,0,,,,,4,4.5,ok
TIC 152371007,65.3841,-24.2914,8.34,0,,,,,3,3.3,ok
TIC 89237737,58.1088,-25.9303,8.34,0,,,,,2,2.3,ok
TIC 172406677,99.9355,-24.8778,8.34,0,,,,,2,2.4,ok
TIC 302514966,34.9152,-12.7617,8.34,0,,,,,2,2.9,ok
TIC 170846153,70.0417,-32.035,8.34,0,,,,,3,3.7,ok
TIC 50279286,112.2728,-16.4697,8.34,0,,,,,4,4.2,ok
TIC 121050499,56.3618,-22.3433,8.34,0,,,,,1,1.5,ok
TIC 121647661,72.8446,-21.1379,8.34,0,,,,,1,1.5,ok
TIC 386128060,111.6094,-15.1379,8.35,0,,,,,1,1.6,ok
TIC 71446722,47.6201,-21.7508,8.35,0,,,,,2,2.5,ok
TIC 348915609,114.0805,-23.0596,8.35,0,,,,,4,4.1,ok
TIC 268533278,15.0415,-22.198,8.35,0,,,,,2,2.2,ok
TIC 64111842,40.2957,-18.0556,8.35,0,,,,,3,3.7,ok
TIC 142875938,51.5653,-30.761,8.35,0,,,,,2,2.3,ok
TIC 241577591,25.6049,-1.037,8.35,0,,,,,5,5.2,ok
TIC 423725456,22.9821,-17.7014,8.35,0,,,,,2,2.8,ok
TIC 11649826,21.9009,-25.3327,8.35,0,,,,,3,3.6,ok
TIC 44646517,59.4097,-29.8681,8.35,0,,,,,3,3.2,ok
TIC 28117369,23.7979,-20.2619,8.35,0,,,,,2,2.7,ok
TIC 10821333,20.615,-10.606,8.35,0,,,,,0,8.7,aucune_donnee
TIC 382341347,65.9394,-14.0154,8.35,0,,,,,3,4.7,ok
TIC 29996506,42.3329,-16.1427,8.35,0,,,,,1,1.4,ok
TIC 1129300,37.1808,-8.7532,8.35,0,,,,,2,2.3,ok
TIC 121646674,72.6444,-23.2907,8.35,0,,,,,3,3.5,ok
TIC 439498499,22.1229,-23.4631,8.35,0,,,,,2,2.9,ok
TIC 147976911,99.7711,-36.1015,8.35,0,,,,,5,5.0,ok
TIC 192825743,82.528,-37.4135,8.36,0,,,,,6,6.4,ok
TIC 93105328,53.3805,-14.464,8.36,0,,,,,2,2.4,ok
TIC 93105821,53.3834,-16.9463,8.36,0,,,,,2,2.3,ok
TIC 121550740,68.8259,-23.2891,8.36,0,,,,,3,3.7,ok
TIC 70556711,37.6192,-26.7509,8.36,0,,,,,4,4.8,ok
TIC 34191161,94.624,-14.5984,8.36,0,,,,,0,2.0,aucune_donnee
TIC 142938954,52.6597,-33.5301,8.36,0,,,,,2,2.4,ok
TIC 206733632,55.3511,-13.3045,8.36,0,,,,,2,2.3,ok
TIC 93211873,85.6751,-23.8277,8.36,0,,,,,3,3.3,ok
TIC 98827724,45.571,-12.6296,8.36,0,,,,,2,2.3,ok
TIC 106893999,110.3871,-25.9696,8.36,0,,,,,5,5.0,ok
TIC 63940120,35.9155,-21.8076,8.36,0,,,,,4,4.4,ok
TIC 37606606,93.3465,-27.3402,8.36,0,,,,,3,3.1,ok
TIC 302437744,33.4907,-15.9884,8.36,0,,,,,2,2.2,ok
TIC 146419718,75.0732,-20.8819,8.36,0,,,,,2,2.7,ok
TIC 52805860,101.7393,-34.0214,8.36,0,,,,,4,4.0,ok
TIC 49706480,95.8914,-25.6989,8.36,0,,,,,3,4.2,ok
TIC 326262309,43.4494,-20.5332,8.36,0,,,,,2,2.6,ok
TIC 176778611,47.9695,-32.7799,8.37,0,,,,,3,3.8,ok
TIC 92992944,28.5069,-15.9873,8.37,0,,,,,3,3.8,ok
TIC 78077313,80.8626,-31.3525,8.37,0,,,,,4,4.6,ok
TIC 152375107,75.0051,-15.7987,8.37,0,,,,,1,1.9,ok
TIC 469968513,19.1837,-16.7122,8.37,0,,,,,2,2.9,ok
TIC 79025804,103.682,-22.3436,8.37,0,,,,,4,4.0,ok
TIC 97518764,44.4019,-19.3084,8.37,0,,,,,2,2.4,ok
TIC 123723732,89.7392,-18.2089,8.37,0,,,,,1,1.9,ok
TIC 164680951,24.5143,-22.4254,8.37,0,,,,,3,3.7,ok
TIC 32497797,84.1835,-24.7032,8.37,0,,,,,1,1.9,ok
TIC 321125764,60.4931,-36.0994,8.37,0,,,,,0,2.0,aucune_donnee
TIC 44679890,60.2697,-28.2706,8.37,0,,,,,3,3.4,ok
TIC 32707957,86.2456,-29.7657,8.37,0,,,,,5,5.9,ok
TIC 10862194,25.8347,-11.077,8.37,0,,,,,3,3.7,ok
TIC 65517357,43.3099,-29.8326,8.38,0,,,,,4,4.7,ok
TIC 53742619,103.3639,-25.1713,8.38,0,,,,,4,4.5,ok
TIC 48656787,96.9046,-27.8807,8.38,0,,,,,2,2.3,ok
TIC 65451641,42.3092,-29.5572,8.38,0,,,,,4,4.4,ok
TIC 88337963,43.9395,-25.7091,8.38,0,,,,,3,3.7,ok
TIC 29927671,24.6613,-12.6399,8.38,0,,,,,3,3.4,ok
TIC 423449041,51.235,-13.5617,8.38,0,,,,,2,2.4,ok
TIC 100609857,86.9037,-31.3,8.38,0,,,,,5,5.6,ok
TIC 128572288,118.1251,-24.9268,8.38,0,,,,,0,10.1,aucune_donnee
TIC 290170195,31.9466,-15.346,8.38,0,,38.9,rejete,variabilite_continue;eclipse_secondaire,3,6.1,ok
TIC 683071,74.0372,-29.4635,8.38,0,,,,,3,3.7,ok
TIC 33006685,88.1533,-28.1917,8.38,0,,,,,5,5.2,ok
TIC 44797698,62.5475,-25.4194,8.38,0,,,,,3,3.1,ok
TIC 92361302,52.5593,-23.7452,8.38,0,,,,,1,1.4,ok
TIC 279486112,58.8646,-16.8536,8.38,0,,,,,3,3.3,ok
TIC 152241943,119.881,-33.4224,8.38,0,,,,,3,3.2,ok
TIC 209451929,45.898,-32.9299,8.39,0,,,,,4,4.5,ok
TIC 164789139,27.5877,-20.1933,8.39,0,,,,,0,2.2,aucune_donnee
TIC 144408177,121.1821,-32.6633,8.39,0,,,,,0,2.5,aucune_donnee
TIC 172366251,99.7981,-26.5717,8.39,0,,,,,1,1.6,ok
TIC 201432628,92.5687,-33.3558,8.39,0,,,,,4,4.5,ok
TIC 169482946,77.8263,-15.7305,8.39,0,,,,,3,3.7,ok
TIC 49769049,95.9,-28.9779,8.39,0,,,,,3,3.1,ok
TIC 408232375,82.3444,-22.1956,8.39,0,,,,,4,4.6,ok
TIC 112231037,111.7966,-32.3225,8.39,0,,,,,3,3.7,ok
TIC 96989494,105.7157,-31.5612,8.39,0,,,,,2,2.6,ok
TIC 439409473,18.9879,-15.5762,8.39,0,,,,,2,2.9,ok
TIC 53906215,103.7891,-27.0313,8.39,0,,,,,5,5.2,ok
TIC 259242388,113.9188,-16.6819,8.39,0,,,,,3,3.2,ok
TIC 142197131,118.2641,-20.5411,8.39,0,,,,,4,4.2,ok
TIC 150471260,117.5352,-33.2864,8.39,0,,,,,2,2.3,ok
TIC 266748675,29.6761,-20.8473,8.4,0,,,,,2,2.2,ok
TIC 425138696,43.9608,-9.4386,8.4,0,,,,,1,1.5,ok
TIC 139576848,64.6639,-20.3257,8.4,0,,,,,1,1.5,ok
TIC 29930110,24.8687,-14.7071,8.4,0,,,,,3,3.5,ok
TIC 33594839,28.814,-25.3671,8.4,0,,,,,3,3.6,ok
TIC 47596829,97.227,-21.4733,8.4,0,,,,,2,2.2,ok
TIC 439404461,18.3886,-12.4038,8.4,0,,,,,2,2.3,ok
TIC 148732056,106.8916,-17.1385,8.4,0,,,,,3,3.3,ok
TIC 97064369,105.8022,-32.7263,8.4,0,,,,,7,6.7,ok
TIC 98869838,46.5024,-13.5184,8.4,0,,,,,2,2.4,ok
TIC 279328531,43.5915,-28.8506,8.4,0,,,,,3,3.7,ok
TIC 333247721,99.8453,-16.1245,8.4,0,,,,,3,3.9,ok
TIC 113030271,112.8389,-30.9332,8.4,0,,,,,0,2.2,aucune_donnee
TIC 257421999,22.3478,-17.2884,8.4,0,,,,,2,2.7,ok
TIC 268716351,18.0555,-22.6656,8.4,0,,,,,3,3.6,ok
TIC 51995432,98.4107,-30.3855,8.4,0,,,,,3,3.3,ok
TIC 98723566,43.903,-12.3533,8.4,0,,,,,2,2.3,ok
TIC 63976452,37.2327,-21.197,8.4,0,,,,,2,2.9,ok
TIC 32870861,87.2057,-25.1196,8.41,0,,,,,4,4.7,ok
TIC 189056888,79.3886,-15.6293,8.41,0,,,,,2,2.7,ok
TIC 302513444,34.7885,-14.3071,8.41,0,,,,,2,2.6,ok
TIC 178349811,61.5115,-22.132,8.41,0,,,,,3,3.1,ok
TIC 172838490,101.7534,-28.4029,8.41,0,,,,,4,4.4,ok
TIC 71468490,47.7216,-18.3172,8.41,0,,,,,2,2.5,ok
TIC 65483724,42.8982,-24.1877,8.41,0,,,,,3,3.6,ok
TIC 124494015,93.4231,-23.3491,8.41,0,,,,,2,2.6,ok
TIC 98539845,108.9136,-31.291,8.41,0,,,,,0,3.3,aucune_donnee
TIC 92939663,83.6458,-19.5876,8.41,0,,,,,0,5.2,aucune_donnee
TIC 21727879,88.2809,-36.9425,8.41,0,,,,,6,6.5,ok
TIC 144502625,84.6326,-36.0185,8.41,0,,,,,5,5.4,ok
TIC 93050443,52.3001,-12.0861,8.41,0,,,,,2,2.6,ok
TIC 33601137,92.8918,-16.3077,8.41,0,,,,,0,1.0,aucune_donnee
TIC 241630798,26.1323,-3.474,8.41,0,,,,,3,3.7,ok
TIC 408128722,35.0882,-6.5682,8.41,0,,,,,3,3.6,ok
TIC 46313387,83.1852,-15.2187,8.42,0,,,,,3,3.7,ok
TIC 24921351,27.5045,-6.7164,8.42,0,,,,,3,4.2,ok
TIC 121011020,55.6659,-20.5453,8.42,0,,,,,2,2.4,ok
TIC 419013654,16.2932,-14.9056,8.42,0,,,,,3,3.6,ok
TIC 13272546,78.1918,-27.6765,8.42,0,,,,,3,3.8,ok
TIC 441501245,46.7687,-16.3327,8.42,0,,,,,1,1.5,ok
TIC 32557656,21.3238,-13.6582,8.42,0,,,,,2,2.8,ok
TIC 419308853,120.8113,-30.1977,8.42,0,,,,,5,4.9,ok
TIC 139731607,67.0088,-20.2301,8.42,0,,,,,1,1.5,ok
TIC 88415691,45.8351,-29.0484,8.42,0,,,,,3,3.6,ok
TIC 37740292,93.6333,-25.6829,8.42,0,,,,,3,3.2,ok
TIC 289730892,36.4338,-13.8926,8.42,0,,,,,2,2.8,ok
TIC 50644624,112.7187,-13.8317,8.43,0,,,,,3,3.4,ok
TIC 49311690,101.7618,-22.6803,8.43,0,,,,,4,4.1,ok
TIC 88406493,45.3332,-24.0129,8.43,0,,,,,2,2.9,ok
TIC 241485981,25.0982,-4.4624,8.43,0,,,,,3,3.8,ok
TIC 55669941,110.6332,-15.4356,8.43,0,,,,,4,4.2,ok
TIC 123574907,89.0637,-21.4455,8.43,0,,,,,3,3.6,ok
TIC 257420064,22.1855,-13.6353,8.43,0,,,,,2,2.2,ok
TIC 72763465,35.0009,-24.4799,8.43,0,,,,,2,2.3,ok
TIC 302457168,33.7239,-13.0812,8.43,0,,,,,3,3.8,ok
TIC 36761216,41.1527,-11.4983,8.43,0,,,,,2,2.2,ok
TIC 279340370,35.1018,-21.6953,8.43,0,,,,,4,4.4,ok
TIC 124384362,93.2201,-17.9661,8.43,0,,,,,3,3.6,ok
TIC 65139591,107.7622,-26.9787,8.43,0,,,,,1,1.5,ok
TIC 178938417,68.2763,-24.0137,8.43,0,,,,,3,3.7,ok
TIC 80039726,105.0753,-21.1325,8.43,0,,,,,0,1.1,aucune_donnee
TIC 706872397,99.7979,-26.5723,8.43,0,,,,,1,1.5,ok
TIC 71010723,65.3887,-14.6208,8.43,0,,,,,2,2.4,ok
TIC 333339196,99.9781,-14.872,8.44,0,,,,,3,3.3,ok
TIC 88455201,46.3833,-27.6602,8.44,0,,,,,3,3.6,ok
TIC 1028816,33.839,-7.1263,8.44,0,,,,,2,2.7,ok
TIC 64034715,38.0766,-21.4978,8.44,0,,,,,2,2.8,ok
TIC 250413411,31.2974,-3.5047,8.44,0,,,,,1,1.9,ok
TIC 143275486,90.9713,-34.373,8.44,0,,,,,5,5.4,ok
TIC 13912943,74.2078,-37.2977,8.44,0,,,,,4,4.6,ok
TIC 332644390,62.6789,-17.1435,8.44,0,,,,,3,3.4,ok
TIC 143375530,82.6473,-16.0922,8.44,0,,,,,4,4.5,ok
TIC 49774744,96.1969,-24.1619,8.44,0,,,,,3,3.3,ok
TIC 139441353,80.5225,-22.432,8.44,0,,,,,0,15.4,aucune_donnee
TIC 63106929,104.514,-29.3088,8.44,0,,,,,5,4.9,ok
TIC 29923458,25.0073,-7.4489,8.44,0,,,,,3,3.8,ok
TIC 172932608,102.0465,-29.572,8.44,0,,,,,3,3.2,ok
TIC 404476565,37.3882,-16.0645,8.44,0,,,,,3,3.6,ok
TIC 142937955,52.4669,-32.6382,8.44,0,,,,,2,2.6,ok
TIC 246902341,73.4949,-17.5714,8.44,0,,,,,3,3.7,ok
TIC 170699650,67.889,-32.4034,8.44,0,,,,,5,5.4,ok
TIC 409080165,109.3905,-16.7186,8.44,0,,,,,4,4.3,ok
TIC 299135419,22.0187,-10.0374,8.44,0,,,,,0,1.6,aucune_donnee
TIC 13202189,77.0706,-29.1847,8.45,0,,,,,2,2.7,ok
TIC 55895344,50.3619,-15.798,8.45,0,,,,,2,2.4,ok
TIC 93167315,85.1725,-21.8908,8.45,0,,,,,4,4.6,ok
TIC 4862613,109.6165,-23.7653,8.45,0,,,,,6,6.0,ok
TIC 31055479,80.4997,-28.5283,8.45,0,,,,,3,3.9,ok
TIC 98879635,107.5397,-18.2188,8.45,0,,,,,2,3.0,ok
TIC 178287487,60.6862,-21.9772,8.45,0,,,,,2,2.6,ok
TIC 111743193,111.1219,-32.962,8.45,0,,,,,3,3.3,ok
TIC 268752991,31.8897,-22.052,8.45,0,,,,,3,3.7,ok
TIC 124183376,92.3584,-23.565,8.45,0,,,,,2,2.9,ok
TIC 268804174,33.3037,-21.196,8.45,0,,,,,3,3.8,ok
TIC 441493882,23.1823,-22.4142,8.45,0,,,,,3,3.5,ok
TIC 10842216,25.627,-8.1255,8.45,0,,,,,2,2.8,ok
TIC 77742216,77.3698,-32.8735,8.45,0,,,,,2,2.9,ok
TIC 139856836,112.2872,-22.8956,8.46,0,,,,,4,4.1,ok
TIC 63957208,36.5959,-22.0202,8.46,0,,,,,2,2.4,ok
TIC 317719322,89.0496,-16.7248,8.46,0,,,,,4,4.6,ok
TIC 117898814,71.0302,-16.0632,8.46,0,,,,,3,3.8,ok
TIC 142884815,51.549,-33.783,8.46,0,,,,,3,3.8,ok
TIC 146522418,76.7084,-21.586,8.46,0,,,,,2,2.4,ok
TIC 25034169,30.8113,-10.4292,8.46,0,,,,,2,2.8,ok
TIC 166932248,60.1156,-31.7674,8.46,0,,,,,3,3.8,ok
TIC 332862094,34.4627,-4.3562,8.46,0,,,,,2,2.4,ok
TIC 121639587,70.3047,-23.5861,8.46,0,,,,,3,3.6,ok
TIC 439405530,18.5494,-16.1297,8.46,0,,,,,2,3.5,ok
TIC 423808930,71.2598,-25.3293,8.46,0,,,,,3,3.6,ok
TIC 204617463,42.0596,-18.6826,8.46,0,,,,,3,3.6,ok
TIC 168793956,63.9347,-32.9821,8.46,0,,,,,4,4.1,ok
TIC 33100750,88.8246,-24.6262,8.46,0,,,,,5,5.5,ok
TIC 441514620,48.699,-15.2643,8.46,0,,,,,2,2.2,ok
TIC 268530631,14.5784,-20.3193,8.46,0,,,,,2,2.5,ok
TIC 143146379,89.6696,-35.0101,8.46,0,,,,,5,5.4,ok
TIC 28116948,23.7381,-22.8875,8.46,0,,,,,3,3.6,ok
TIC 88478727,46.9795,-28.2206,8.46,0,,,,,3,3.7,ok
TIC 94693341,115.8256,-15.6921,8.46,0,,,,,3,3.2,ok
TIC 302439498,33.6284,-17.7894,8.46,0,,,,,2,2.9,ok
TIC 290169946,31.9937,-16.8329,8.47,0,,,,,1,1.4,ok
TIC 146344664,74.2983,-23.0394,8.47,0,,,,,3,3.8,ok
TIC 201514183,93.1576,-32.2236,8.47,0,,,,,4,4.8,ok
TIC 250380344,29.5293,-4.3018,8.47,0,,,,,2,2.9,ok
TIC 389857660,81.6526,-22.49,8.47,0,,,,,3,3.6,ok
TIC 13270989,78.0245,-24.5237,8.47,0,,,,,3,3.7,ok
TIC 147957705,105.7367,-16.2361,8.47,0,,,,,2,2.4,ok
TIC 439458059,19.1797,-18.1541,8.47,0,,,,,3,3.8,ok
TIC 49833841,111.8474,-17.5432,8.47,0,,,,,2,2.4,ok
TIC 37255322,91.5075,-24.9221,8.47,0,,,,,4,4.4,ok
TIC 168833324,64.2442,-30.0837,8.47,0,,,,,4,4.3,ok
TIC 172078153,97.7626,-28.4643,8.47,0,,,,,4,4.3,ok
TIC 36756564,40.6707,-10.4079,8.47,0,,,,,2,2.5,ok
TIC 164790787,27.9119,-22.1674,8.47,0,,,,,3,3.9,ok
TIC 65480941,42.7513,-29.0026,8.47,0,,,,,4,4.9,ok
TIC 268769082,32.3462,-20.7427,8.47,0,,,,,3,3.6,ok
TIC 92233829,48.98,-20.8263,8.47,0,,,,,2,2.3,ok
TIC 348809847,114.048,-19.5859,8.47,0,,,,,3,3.5,ok
TIC 257485599,30.8275,-17.7662,8.47,0,,,,,3,3.7,ok
TIC 168674646,61.1664,-30.0076,8.47,0,,,,,3,3.3,ok
TIC 287187759,27.2217,-8.3631,8.47,0,,,,,2,2.6,ok
TIC 167451564,33.2375,-7.6547,8.47,0,,,,,2,3.1,ok
TIC 167748092,81.0901,-38.2578,8.47,0,,,,,2,2.6,ok
TIC 386138719,111.6827,-12.4584,8.48,0,,,,,0,62.2,aucune_donnee
TIC 64033287,37.994,-23.9293,8.48,0,,,,,3,4.1,ok
TIC 24926326,28.1338,-10.4616,8.48,0,,,,,3,4.2,ok
TIC 325683351,37.1973,-15.2995,8.48,0,,,,,3,3.8,ok
TIC 23189950,46.9483,-8.946,8.48,0,,,,,2,2.4,ok
TIC 33006416,88.0666,-28.6572,8.48,0,,,,,5,5.5,ok
TIC 287223689,33.591,-10.6704,8.48,0,,,,,0,1.1,aucune_donnee
TIC 1398422,74.4811,-32.8135,8.48,0,,,,,2,2.9,ok
TIC 54017033,23.7743,-14.4048,8.48,0,,,,,3,3.7,ok
TIC 140281093,85.1276,-30.7225,8.48,0,,,,,5,5.2,ok
TIC 100591186,86.646,-30.565,8.48,0,,,,,6,6.5,ok
TIC 32642242,85.4197,-24.8333,8.48,0,,,,,4,4.5,ok
TIC 206719305,55.3015,-17.3677,8.48,0,,,,,2,2.4,ok
TIC 92260877,50.1135,-19.7178,8.49,0,,,,,2,2.3,ok
TIC 32757177,86.2928,-28.652,8.49,0,,,,,6,6.2,ok
TIC 127572976,117.1314,-24.498,8.49,0,,,,,4,4.5,ok
TIC 170786409,69.2982,-29.9509,8.49,0,,,,,4,4.7,ok
TIC 319861904,109.4223,-33.5937,8.49,0,,,,,4,4.3,ok
TIC 46743833,85.7638,-14.6894,8.49,0,,,,,3,3.8,ok
TIC 30996568,80.1582,-29.9181,8.49,0,,,,,1,1.6,ok
TIC 59711043,93.8571,-18.3624,8.49,0,,,,,1,1.6,ok
TIC 246905356,73.5483,-14.9434,8.49,0,,,,,3,3.9,ok
TIC 179015349,70.353,-27.2483,8.49,0,,,,,3,3.9,ok
TIC 71089707,66.6645,-15.5514,8.49,0,,,,,3,4.3,ok
TIC 92847717,82.7483,-21.1283,8.49,0,,,,,4,4.6,ok
TIC 4618206,102.0092,-23.4824,8.49,0,,,,,2,2.3,ok
TIC 425177420,44.7907,-9.1224,8.49,0,,,,,2,2.3,ok
TIC 36830492,42.1923,-8.7589,8.49,0,,,,,2,2.2,ok
TIC 123630086,89.4229,-20.5397,8.49,0,,,,,2,2.7,ok
TIC 72729337,34.1591,-24.435,8.49,0,,,,,3,3.9,ok
TIC 164754476,26.0247,-23.6008,8.49,0,,,,,0,1.4,aucune_donnee
TIC 10786436,19.9668,-9.9758,8.49,0,,,,,3,3.8,ok
TIC 1114345,36.299,-10.4737,8.49,0,,,,,3,3.6,ok
TIC 44893909,63.5109,-29.0747,8.49,0,,,,,4,4.1,ok
TIC 46388823,83.6055,-15.9985,8.49,0,,,,,3,4.2,ok
TIC 65398079,40.4902,-27.9499,8.49,0,,,,,1,2.2,ok
TIC 93126844,85.0865,-19.6698,8.5,0,,,,,4,4.6,ok
TIC 178271295,59.7382,-23.143,8.5,0,,,,,2,2.4,ok
TIC 4741962,39.7949,-11.5367,8.5,0,,,,,2,2.3,ok
TIC 22939252,109.1113,-36.9594,8.5,0,,,,,2,2.4,ok
TIC 164720205,25.5333,-18.1262,8.5,0,,,,,3,3.8,ok
TIC 143399699,82.842,-17.3428,8.5,0,,,,,4,4.4,ok
TIC 10839173,25.3229,-9.3717,8.5,0,,,,,3,3.5,ok
TIC 35119746,35.497,-14.923,8.5,0,,,,,2,2.9,ok
TIC 176778920,47.9829,-30.7765,8.5,0,,,,,2,3.5,ok
TIC 34589392,95.7033,-16.7924,8.5,0,,,,,3,3.4,ok
TIC 268633181,16.3048,-19.855,8.5,0,,,,,1,2.0,ok
TIC 144521956,50.7789,-29.3652,8.5,0,,,,,2,2.3,ok
TIC 408905688,92.0048,-15.7947,8.51,0,,,,,2,2.5,ok
TIC 326262917,43.5364,-23.4096,8.51,0,,,,,3,3.7,ok
TIC 164774228,27.1757,-23.7637,8.51,0,,,,,3,3.5,ok
TIC 36830847,42.2267,-10.5152,8.51,0,,,,,1,1.5,ok
TIC 146597818,77.7818,-19.16,8.51,0,,,,,0,25.2,aucune_donnee
TIC 121159024,58.3767,-21.0132,8.51,0,,,,,3,3.6,ok
TIC 156929997,57.2183,-12.06,8.51,0,,,,,2,2.5,ok
TIC 25003739,30.3651,-6.5408,8.51,0,,,,,0,3.6,aucune_donnee
TIC 21621010,86.8604,-37.7641,8.51,0,,,,,6,6.6,ok
TIC 143146812,89.833,-35.8197,8.51,0,,,,,6,6.5,ok
TIC 170675433,67.1487,-30.473,8.51,0,,,,,1,1.9,ok
TIC 212382348,27.6141,-16.194,8.51,0,,,,,3,3.8,ok
TIC 93244723,85.9223,-18.8935,8.51,0,,,,,3,3.6,ok
TIC 192789542,82.1176,-36.612,8.51,0,,,,,5,5.7,ok
TIC 146520004,76.5733,-18.701,8.51,0,,,,,2,3.0,ok
TIC 4780784,109.6649,-19.4227,8.51,0,,,,,3,3.4,ok
TIC 117747893,69.2842,-14.1176,8.51,0,,,,,3,3.9,ok
TIC 80817427,105.9291,-20.1989,8.51,0,,,,,1,1.4,ok
TIC 423519373,71.7251,-22.8101,8.51,0,,,,,0,17.7,aucune_donnee
TIC 24624213,84.1378,-30.1593,8.51,0,,,,,2,2.8,ok
TIC 204613668,41.6907,-21.0802,8.51,0,,,,,3,3.6,ok
TIC 72623761,31.9639,-24.5533,8.51,0,,,,,3,4.4,ok
TIC 142961056,53.4978,-31.7729,8.52,0,,,,,2,2.3,ok
TIC 93419202,86.9755,-21.67,8.52,0,,,,,2,2.8,ok
TIC 124026878,91.5785,-23.4534,8.52,0,,,,,4,5.3,ok
TIC 168753192,62.968,-30.3295,8.52,0,,,,,3,3.1,ok
TIC 589906,71.6602,-27.7681,8.52,0,,,,,3,3.7,ok
TIC 144522901,50.9755,-25.2373,8.52,0,,,,,0,1.2,aucune_donnee
TIC 144482633,49.6634,-29.5141,8.52,0,,,,,2,2.3,ok
TIC 178855429,66.6579,-27.2636,8.52,0,,,,,4,4.6,ok
TIC 44679387,60.1018,-29.2345,8.52,0,,,,,3,3.3,ok
TIC 627296,73.098,-24.7611,8.52,0,,,,,3,3.7,ok
TIC 152238950,119.8273,-34.1181,8.52,0,,,,,3,3.3,ok
TIC 441510547,48.3627,-17.6181,8.52,0,,,,,2,2.3,ok
TIC 46488364,84.2224,-17.0166,8.53,0,,,,,?,272.4,timeout
TIC 178879311,67.3342,-27.0045,8.53,0,,,,,4,4.6,ok
TIC 129084357,118.6502,-28.5456,8.53,0,,,,,4,4.0,ok
TIC 126272816,115.8557,-24.0213,8.53,0,,,,,0,7.0,aucune_donnee
TIC 31193260,81.8475,-27.9081,8.53,0,,,,,3,3.8,ok
TIC 4673917,38.5969,-6.3055,8.53,0,,,,,2,2.4,ok
TIC 241444443,24.895,-0.7208,8.53,0,,,,,1,1.4,ok
TIC 169380520,76.6155,-15.8254,8.53,0,,,,,3,3.7,ok
TIC 77842810,78.1652,-31.3095,8.53,0,,,,,3,3.9,ok
TIC 123981167,91.4705,-20.6665,8.53,0,,,,,1,2.1,ok
TIC 166742533,56.4261,-30.9333,8.53,0,,,,,1,1.5,ok
TIC 302464332,34.2323,-15.9384,8.53,0,,,,,3,3.6,ok
TIC 89184357,57.2825,-28.7555,8.53,0,,,,,2,2.3,ok
TIC 120977764,54.9115,-20.8472,8.53,0,,,,,2,2.3,ok
TIC 33465112,25.3285,-26.1068,8.53,0,,,,,4,4.4,ok
TIC 120932840,37.5025,-29.7432,8.53,0,,,,,1,1.5,ok
TIC 71131302,67.3398,-14.457,8.54,0,,,,,3,4.0,ok
TIC 174427317,114.3612,-36.0181,8.54,0,,,,,4,5.1,ok
TIC 257516123,31.6273,-13.9048,8.54,0,,,,,2,3.1,ok
TIC 29942377,41.9349,-17.8655,8.54,0,,,,,2,2.3,ok
TIC 79536612,104.4221,-23.595,8.54,0,,,,,4,4.4,ok
TIC 288578668,114.4426,-17.8462,8.54,0,,,,,4,4.1,ok
TIC 166931837,60.2127,-33.7861,8.54,0,,,,,3,3.3,ok
TIC 257602392,53.2701,-18.4147,8.54,0,,,,,2,2.4,ok
TIC 29846670,23.4271,-11.211,8.54,0,,,,,3,3.6,ok
TIC 179014841,70.3328,-25.0775,8.54,0,,,,,2,2.7,ok
TIC 36845050,42.8047,-8.3293,8.55,0,,,,,2,2.2,ok
TIC 122615848,41.5125,-30.5245,8.55,0,,,,,5,5.8,ok
TIC 121092844,57.3122,-23.0911,8.55,0,,,,,0,0.7,aucune_donnee
TIC 178872172,67.1377,-24.8579,8.55,0,,,,,0,3.2,aucune_donnee
TIC 439466093,20.4967,-21.9382,8.55,0,,,,,2,3.1,ok
TIC 100122480,109.1778,-20.9549,8.55,0,,,,,3,3.2,ok
TIC 117761069,69.3595,-16.3622,8.55,0,,,,,3,3.8,ok
TIC 251062153,36.5877,-5.4209,8.55,0,,,,,2,2.3,ok
TIC 675445,73.7062,-29.5618,8.55,0,,,,,1,1.8,ok
TIC 136842637,22.838,-9.5528,8.55,0,,,,,0,2.4,aucune_donnee
TIC 78569133,102.8815,-21.9469,8.55,0,,,,,2,2.5,ok
TIC 10864406,26.1361,-9.6098,8.56,0,,,,,2,2.9,ok
TIC 179013252,70.2445,-29.3833,8.56,0,,,,,3,3.8,ok
TIC 33552726,88.2736,-21.5053,8.56,0,,,,,5,5.2,ok
TIC 65325690,39.0322,-25.093,8.56,0,,,,,0,2.4,aucune_donnee
TIC 266770286,29.9313,-20.2081,8.56,0,,,,,3,3.8,ok
TIC 1196529,71.1049,-35.731,8.56,0,,,,,5,5.7,ok
TIC 441498948,46.6047,-15.0037,8.56,0,,,,,2,2.4,ok
TIC 9940669,49.8332,-11.0321,8.56,0,,,,,2,2.3,ok
TIC 117741952,96.3343,-30.8805,8.56,0,,,,,2,2.4,ok
TIC 146434975,75.284,-22.7372,8.56,0,,,,,3,3.7,ok
TIC 144531509,121.5813,-34.0424,8.56,0,,,,,0,6.1,aucune_donnee
TIC 71384002,46.1757,-20.3071,8.56,0,,,,,2,2.4,ok
TIC 124776471,94.4104,-32.9053,8.56,0,,,,,0,7.1,aucune_donnee
TIC 170751902,68.4647,-34.8391,8.56,0,,,,,5,5.6,ok
TIC 78742940,103.1397,-20.8331,8.56,0,,,,,1,1.6,ok
TIC 96387357,103.8624,-30.461,8.56,0,,,,,0,6.3,aucune_donnee
TIC 425178127,44.8285,-10.8442,8.56,0,,,,,1,1.6,ok
TIC 54002166,23.4266,-12.2129,8.57,0,,,,,2,2.9,ok
TIC 117744770,69.0262,-15.5808,8.57,0,,,,,3,3.7,ok
TIC 53122807,102.8006,-35.4679,8.57,0,,,,,7,6.7,ok
TIC 146345308,74.5058,-22.8035,8.57,0,,,,,1,2.3,ok
TIC 65448761,41.9731,-24.2391,8.57,0,,,,,3,3.9,ok
TIC 423812022,71.3194,-24.1319,8.57,0,,,,,3,4.0,ok
TIC 139421828,80.4742,-20.5421,8.57,0,,,,,0,23.5,aucune_donnee
TIC 423439315,34.6199,-11.1973,8.57,0,,,,,2,2.8,ok
TIC 92936824,83.5318,-21.5314,8.57,0,,,,,4,4.4,ok
TIC 14001213,75.9407,-36.0666,8.57,0,,,,,3,3.7,ok
TIC 123627524,89.2699,-19.2197,8.57,0,,,,,1,1.5,ok
TIC 250390933,30.4393,-5.2369,8.57,0,,,,,2,2.7,ok
TIC 279339218,35.0566,-18.5198,8.58,0,,,,,3,3.5,ok
TIC 100531058,86.4152,-30.9097,8.58,0,,,,,5,5.4,ok
TIC 100724237,87.8234,-33.823,8.58,0,,,,,6,6.3,ok
TIC 144597306,52.8772,-27.6643,8.58,0,,,,,2,2.5,ok
TIC 178967690,69.5674,-24.6585,8.58,0,,,,,3,3.6,ok
TIC 70964316,65.0455,-14.7602,8.58,0,,,,,2,2.4,ok
TIC 52275681,99.7152,-32.8309,8.58,0,,,,,4,4.1,ok
TIC 100760601,88.1629,-32.2768,8.58,0,,,,,5,5.5,ok
TIC 95522230,107.316,-13.3267,8.58,0,,,,,3,3.3,ok
TIC 51926652,98.2435,-30.863,8.58,0,,,,,3,3.3,ok
TIC 125889928,115.2734,-24.7083,8.58,0,,,,,4,4.1,ok
TIC 79785732,104.7746,-18.4661,8.58,0,,,,,2,2.3,ok
TIC 206713426,54.6776,-16.304,8.58,0,,,,,0,1.1,aucune_donnee
TIC 35120305,35.7181,-12.6304,8.58,0,,,,,1,1.5,ok
TIC 192846995,83.3398,-37.7151,8.58,0,,,,,3,3.9,ok
TIC 100114034,109.098,-18.296,8.58,0,,,,,4,4.0,ok
TIC 209452435,45.8846,-30.1309,8.58,0,,,,,3,3.7,ok
TIC 147852069,98.8009,-37.1072,8.58,0,,,,,0,2.9,aucune_donnee
TIC 140874133,116.4863,-20.1433,8.59,0,,,,,0,1.4,aucune_donnee
TIC 166870971,59.2254,-33.8584,8.59,0,,,,,2,2.4,ok
TIC 344333565,26.3908,-15.1797,8.59,0,,,,,2,2.3,ok
TIC 117649386,68.1433,-15.169,8.59,0,,,,,3,3.8,ok
TIC 24955396,29.2796,-6.7378,8.59,0,,,,,1,2.0,ok
TIC 72652829,32.9532,-24.3451,8.59,0,,,,,3,3.7,ok
TIC 72705258,33.88,-29.4193,8.59,0,,,,,1,1.3,ok
TIC 178996712,70.0633,-27.7353,8.59,0,,,,,3,3.7,ok
TIC 65416723,41.1397,-26.7464,8.59,0,,,,,4,4.5,ok
TIC 316877366,74.352,-16.2049,8.59,0,,,,,2,2.9,ok
TIC 178171080,43.2662,-31.4039,8.59,0,,,,,5,5.7,ok
TIC 178155959,42.9202,-32.4027,8.6,0,,,,,5,5.2,ok
TIC 439458951,19.2736,-23.2386,8.6,0,,,,,?,412.2,timeout
TIC 178939732,68.3902,-29.4489,8.6,0,,,,,1,2.5,ok
TIC 167674132,80.0348,-37.0471,8.6,0,,,,,1,3.2,ok
TIC 178364417,61.9501,-23.8073,8.6,0,,,,,3,3.9,ok
TIC 48946219,100.8238,-19.8339,8.6,0,,,,,3,3.4,ok
TIC 65185818,107.8888,-23.9701,8.6,0,,,,,0,3.3,aucune_donnee
TIC 48168458,98.9321,-18.9405,8.6,0,,,,,0,1.9,aucune_donnee
TIC 170676841,67.3647,-35.287,8.61,0,,,,,5,5.6,ok
TIC 140209827,84.6686,-35.2283,8.61,0,,,,,6,6.3,ok
TIC 59848003,94.1596,-20.6405,8.61,0,,,,,3,3.1,ok
TIC 333622830,100.5723,-17.3695,8.61,0,,,,,3,3.4,ok
TIC 328159850,28.3055,-2.171,8.61,0,,,,,0,5.5,aucune_donnee
TIC 398776992,72.0768,-18.257,8.61,0,,,,,3,4.2,ok
TIC 46387429,83.5757,-17.1544,8.61,0,,,,,2,2.8,ok
TIC 178288501,60.7851,-20.5041,8.61,0,,,,,2,2.4,ok
TIC 178250346,59.4569,-22.4761,8.61,0,,,,,0,2.3,aucune_donnee
TIC 405219270,114.1958,-13.9993,8.61,0,,,,,4,4.1,ok
TIC 441150622,40.5663,-12.2367,8.61,0,,,,,2,2.4,ok
TIC 453074924,91.0786,-37.9738,8.61,0,,,,,5,5.6,ok
TIC 415984928,16.0955,-17.6465,8.61,0,,,,,3,3.6,ok
TIC 36728784,40.3365,-8.6671,8.61,0,,,,,2,2.3,ok
TIC 139758317,67.6403,-20.8931,8.61,0,,,,,2,2.7,ok
TIC 139420527,80.4368,-23.8691,8.61,0,,,,,4,4.5,ok
TIC 14176499,78.2641,-37.4185,8.61,0,,,,,2,2.3,ok
TIC 65434172,41.4929,-25.2105,8.61,0,,,,,4,4.6,ok
TIC 29854339,23.872,-11.8541,8.61,0,,,,,2,2.9,ok
TIC 328116802,28.1902,-4.7879,8.61,0,,,,,2,2.7,ok
TIC 34106106,59.4409,-11.9081,8.61,0,,,,,2,2.4,ok
TIC 156815683,103.6608,-37.3192,8.62,0,,,,,5,5.0,ok
TIC 1252996,72.5569,-31.2083,8.62,0,,,,,3,3.8,ok
TIC 140326901,115.8109,-23.1279,8.62,0,,,,,1,1.5,ok
TIC 257421335,22.2429,-15.8794,8.62,0,,,,,0,2.9,aucune_donnee
TIC 13062918,75.5812,-28.8177,8.62,0,,,,,3,3.8,ok
TIC 44647864,59.5557,-24.8673,8.62,0,,,,,3,3.3,ok
TIC 71150631,67.5614,-17.7906,8.62,0,,,,,3,4.1,ok
TIC 241807559,27.5002,-3.6999,8.62,0,,,,,2,2.8,ok
TIC 408155748,34.5007,-16.8017,8.62,0,,,,,3,3.6,ok
TIC 630017074,23.4265,-12.2127,8.62,0,,,,,2,2.8,ok
TIC 212376527,26.7099,-12.1509,8.62,0,,,,,3,3.6,ok
TIC 32604380,85.0523,-29.0996,8.62,0,,,,,4,4.6,ok
TIC 316918025,74.5593,-14.4523,8.62,0,,,,,1,2.2,ok
TIC 317094235,86.6692,-16.6091,8.63,0,,,,,4,5.0,ok
TIC 332579071,62.0162,-12.5128,8.63,0,,,,,0,3.3,aucune_donnee
TIC 30927137,79.0394,-24.9809,8.63,0,,,,,3,3.4,ok
TIC 110349350,114.2606,-25.8538,8.63,0,,,,,3,3.4,ok
TIC 72581541,30.7955,-24.7874,8.63,0,,,,,2,2.4,ok
TIC 33042819,88.2925,-25.8105,8.63,0,,,,,0,6.6,aucune_donnee
TIC 441491515,22.7848,-21.1189,8.63,0,,,,,3,3.8,ok
TIC 130008193,119.5477,-28.475,8.63,0,,,,,4,4.0,ok
TIC 81322423,106.5279,-21.5458,8.63,0,,,,,0,1.4,aucune_donnee
TIC 139651982,65.7891,-21.6143,8.63,0,,,,,2,2.4,ok
TIC 295280374,108.6394,-15.918,8.63,0,,,,,4,4.1,ok
TIC 47717095,97.837,-20.6302,8.63,0,,,,,0,4.2,aucune_donnee
TIC 114113707,114.0577,-31.7616,8.63,0,,,,,3,3.5,ok
TIC 4628129,37.8442,-7.8119,8.63,0,,,,,1,1.7,ok
TIC 65414965,40.8462,-26.5121,8.63,0,,,,,4,4.6,ok
TIC 325686814,59.6343,-15.1004,8.63,0,,,,,1,1.6,ok
TIC 441154159,41.1314,-13.6876,8.64,0,,,,,2,2.3,ok
TIC 35666543,23.6871,-5.2473,8.64,0,,,,,3,3.5,ok
TIC 144597894,53.0196,-29.016,8.64,0,,,,,0,3.5,aucune_donnee
TIC 313938945,30.4215,-26.4938,8.64,0,,,,,3,3.6,ok
TIC 10837420,20.9061,-10.7384,8.64,0,,,,,0,2.0,aucune_donnee
TIC 35100671,35.4472,-11.9226,8.64,0,,,,,1,1.5,ok
TIC 441503044,47.3614,-13.3477,8.64,0,,,,,2,2.4,ok
TIC 121596015,70.0163,-22.6141,8.64,0,,,,,3,4.0,ok
TIC 49083201,101.2363,-21.7044,8.64,0,,,,,4,4.0,ok
TIC 382323829,29.372,-11.1839,8.64,0,,,,,3,3.7,ok
TIC 118589211,53.7947,-10.5433,8.64,0,,,,,0,1.7,aucune_donnee
TIC 164697023,25.129,-19.6349,8.64,0,,,,,3,3.9,ok
TIC 322569965,23.8714,-25.4325,8.65,0,,,,,0,5.0,aucune_donnee
TIC 168788307,63.3391,-34.5579,8.65,0,,,,,2,2.8,ok
TIC 60295471,95.7121,-18.8514,8.65,0,,,,,1,1.9,ok
TIC 60484559,96.4475,-18.6416,8.65,0,,,,,0,1.7,aucune_donnee
TIC 70887357,63.8578,-16.9022,8.65,0,,,,,2,2.5,ok
TIC 23138009,46.0225,-8.8162,8.65,0,,,,,2,2.2,ok
TIC 62380992,28.9739,-17.2095,8.65,0,,,,,2,2.8,ok
TIC 398799735,78.2438,-21.2507,8.65,0,,,,,2,3.0,ok
TIC 60040313,94.9611,-18.4183,8.65,0,,,,,0,1.1,aucune_donnee
TIC 63570980,105.4014,-26.1567,8.65,0,,,,,3,3.2,ok
TIC 93417369,86.8221,-22.8785,8.65,0,,,,,5,5.9,ok
TIC 143313191,90.9951,-30.5658,8.65,0,,,,,3,3.6,ok
TIC 66534229,16.6097,-14.2971,8.65,0,,,,,2,2.9,ok
TIC 98853416,45.9503,-14.5558,8.65,0,,,,,1,1.6,ok
TIC 1068428,35.5754,-11.1223,8.65,0,,,,,1,1.9,ok
TIC 72638611,32.1657,-25.7411,8.65,0,,,,,3,3.6,ok
TIC 97498214,106.867,-32.0513,8.65,0,,,,,5,5.2,ok
TIC 24448278,82.1484,-33.4593,8.65,0,,,,,1,2.0,ok
TIC 166803688,57.9206,-31.5368,8.65,0,,,,,2,2.3,ok
TIC 32929167,87.4144,-28.567,8.65,0,,,,,5,5.4,ok
TIC 94945360,51.6036,-14.1428,8.66,0,,,,,0,0.8,aucune_donnee
TIC 441133415,40.3651,-16.7834,8.66,0,,,,,2,2.8,ok
TIC 231314531,93.4582,-33.0483,8.66,0,,,,,0,12.6,aucune_donnee
TIC 166791648,57.7133,-34.7999,8.66,0,,,,,2,2.4,ok
TIC 423450422,51.3933,-17.6984,8.66,0,,,,,1,1.4,ok
TIC 52170980,99.3936,-30.4929,8.66,0,,,,,0,5.4,aucune_donnee
TIC 88455581,46.4468,-25.3934,8.66,0,,,,,2,2.5,ok
TIC 93421001,86.957,-18.6148,8.66,0,,,,,3,4.3,ok
TIC 65290708,38.3364,-26.2327,8.67,0,,,,,0,3.3,aucune_donnee
TIC 405222784,114.12,-15.2153,8.67,0,,,,,4,4.2,ok
TIC 141598891,117.3728,-19.1873,8.67,0,,,,,4,4.3,ok
TIC 14000628,75.9462,-37.9701,8.67,0,,,,,1,1.4,ok
TIC 63663439,105.5227,-28.9204,8.67,0,,,,,4,4.2,ok
TIC 302383502,32.921,-14.4522,8.67,0,,,,,3,3.5,ok
TIC 9858528,48.4833,-9.2301,8.67,0,,,,,1,1.9,ok
TIC 122686279,42.2252,-31.5663,8.67,0,,,,,5,5.4,ok
TIC 93060642,52.7226,-15.5624,8.67,0,,,,,2,2.8,ok
TIC 93122307,53.6661,-12.7822,8.67,0,,,,,2,2.3,ok
TIC 332862549,34.6304,-4.918,8.67,0,,,,,0,3.7,aucune_donnee
TIC 398705714,31.7929,-6.9197,8.67,0,,,,,2,3.0,ok
TIC 149840061,62.1582,-19.4909,8.67,0,,,,,2,2.3,ok
TIC 140288678,85.5103,-35.462,8.67,0,,,,,4,4.5,ok
TIC 408109833,32.6449,-11.5912,8.67,0,,,,,3,3.8,ok
TIC 77838927,77.9306,-32.3364,8.67,0,,,,,4,4.5,ok
TIC 178774924,65.7197,-27.8652,8.67,0,,,,,3,3.5,ok
TIC 456816692,113.1971,-18.255,8.67,0,,,,,3,3.5,ok
TIC 710187,74.1013,-25.6415,8.67,0,,,,,3,3.6,ok
TIC 307306244,108.3805,-17.7653,8.68,0,,,,,?,984.4,timeout
TIC 274016637,42.7982,-22.3668,8.68,0,,,,,3,3.8,ok
TIC 91590767,44.132,-32.7866,8.68,0,,,,,5,5.1,ok
TIC 20073414,89.203,-36.3513,8.68,0,,,,,1,2.0,ok
TIC 10819021,20.4126,-8.6243,8.68,0,,,,,3,3.6,ok
TIC 423699193,21.5141,-17.3103,8.68,0,,,,,3,3.7,ok
TIC 156217451,56.5203,-14.1274,8.68,0,,,,,2,2.3,ok
TIC 146441769,75.842,-19.5005,8.68,0,,,,,0,21.6,aucune_donnee
TIC 139413325,80.3063,-19.4727,8.68,0,,,,,4,5.2,ok
TIC 404746990,32.9643,-19.4328,8.68,0,,,,,3,3.7,ok
TIC 31354234,83.0579,-27.6571,8.68,0,,,,,4,4.5,ok
TIC 29929287,24.7583,-13.9222,8.68,0,,,,,3,3.6,ok
TIC 299135133,22.0328,-9.1273,8.68,0,,,,,0,8.3,aucune_donnee
TIC 206717828,55.0225,-12.0655,8.68,0,,,,,2,2.4,ok
TIC 13271894,78.2131,-25.9183,8.68,0,,,,,0,21.9,aucune_donnee
TIC 100512763,86.034,-31.5693,8.68,0,,,,,6,6.4,ok
TIC 441503766,47.5237,-15.682,8.69,0,,,,,2,2.3,ok
TIC 137860799,48.2298,-18.4386,8.69,0,,,,,2,2.2,ok
TIC 1518944,75.363,-34.8044,8.69,0,,,,,3,3.8,ok
TIC 10785856,19.8679,-6.5984,8.69,0,,,,,0,6.6,aucune_donnee
TIC 20296854,90.8029,-37.9623,8.69,0,,,,,5,5.5,ok
TIC 150280587,117.1554,-35.3692,8.69,0,,,,,1,1.4,ok
TIC 4620841,37.5906,-6.3299,8.69,0,,,,,2,2.3,ok
TIC 124035468,91.6785,-22.4029,8.69,0,,,,,3,3.6,ok
TIC 25001061,29.9602,-7.1191,8.69,0,,,,,1,1.5,ok
TIC 149901836,63.0725,-23.9082,8.69,0,,,,,4,4.1,ok
TIC 20072363,89.0261,-38.2803,8.69,0,,,,,6,6.2,ok
TIC 117652038,68.4238,-17.4714,8.7,0,,,,,3,4.0,ok
TIC 143349972,82.345,-15.233,8.7,0,,,,,4,4.5,ok
TIC 38350168,24.3334,-4.9134,8.7,0,,,,,3,3.4,ok
TIC 36836232,42.2512,-7.6853,8.7,0,,,,,2,2.2,ok
TIC 32832129,86.9773,-26.9674,8.7,0,,,,,0,23.8,aucune_donnee
TIC 170730538,67.9586,-30.9166,8.7,0,,,,,4,4.6,ok
TIC 89188314,57.6487,-26.6001,8.7,0,,,,,2,2.6,ok
TIC 287204096,29.8907,-6.3828,8.7,0,,,,,1,1.9,ok
TIC 168750495,62.6038,-30.2824,8.7,0,,,,,3,3.4,ok
TIC 423699772,21.6814,-15.0254,8.7,0,,,,,2,2.9,ok
TIC 117776495,69.8485,-15.9825,8.7,0,,,,,3,4.0,ok
TIC 120932271,37.4661,-26.1036,8.71,0,,,,,2,2.4,ok
TIC 24610447,83.9921,-30.8701,8.71,0,,,,,3,3.7,ok
TIC 241672964,26.4586,-5.2779,8.71,0,,,,,3,3.6,ok
TIC 65516748,43.42,-26.1557,8.71,0,,,,,3,3.6,ok
TIC 47598666,97.2596,-23.2373,8.71,0,,,,,0,5.2,aucune_donnee
TIC 33006187,88.1157,-29.1147,8.71,0,,,,,4,4.8,ok
TIC 166851227,58.965,-34.8951,8.71,0,,,,,2,2.5,ok
TIC 439499818,22.3956,-19.8203,8.71,0,,,,,3,3.7,ok
TIC 1117332,36.3502,-8.2325,8.71,0,,,,,3,3.8,ok
TIC 248983806,22.6251,-4.5627,8.71,0,,,,,3,3.7,ok
TIC 212378403,27.071,-12.7864,8.71,0,,,,,3,3.6,ok
TIC 170636285,66.6263,-33.3834,8.71,0,,,,,3,4.0,ok
TIC 29924459,25.1015,-11.3109,8.71,0,,,,,2,2.5,ok
TIC 65415364,41.0115,-24.1285,8.71,0,,,,,3,3.8,ok
TIC 408853984,91.8807,-16.5219,8.71,0,,,,,0,4.0,aucune_donnee
TIC 269853702,59.2396,-26.7492,8.71,0,,,,,3,3.4,ok
TIC 266679681,28.0765,-21.3411,8.71,0,,,,,3,5.7,ok
TIC 143022520,54.3484,-30.9229,8.71,0,,,,,2,2.3,ok
TIC 257602587,53.3218,-19.5361,8.71,0,,,,,2,2.4,ok
TIC 35640731,102.3947,-16.7875,8.71,0,,,,,0,12.3,aucune_donnee
TIC 139485131,36.0652,-25.0944,8.72,0,,,,,4,5.0,ok
TIC 168846852,64.5439,-35.4942,8.72,0,,,,,0,11.3,aucune_donnee
TIC 23138309,46.0416,-10.4527,8.72,0,,,,,2,2.8,ok
TIC 268715928,17.9623,-21.9032,8.72,0,,,,,3,4.0,ok
TIC 33991368,94.0001,-17.1145,8.72,0,,,,,3,4.4,ok
TIC 24430311,81.8177,-33.8842,8.72,0,,,,,5,5.4,ok
TIC 31117771,81.151,-29.288,8.73,0,,,,,4,5.1,ok
TIC 97490317,43.9963,-21.6151,8.73,0,,,,,3,3.7,ok
TIC 274016246,42.7587,-19.2277,8.73,0,,,,,2,2.5,ok
TIC 10841080,25.5006,-8.7918,8.73,0,,,,,0,6.2,aucune_donnee
TIC 92345385,51.2516,-18.5641,8.73,0,,,,,1,1.7,ok
TIC 299099082,21.1597,-10.6147,8.73,0,,,,,0,4.2,aucune_donnee
TIC 439498388,22.1205,-22.7662,8.73,0,,,,,1,1.6,ok
TIC 71411534,47.2795,-18.8797,8.73,0,,,,,1,1.7,ok
TIC 30026888,43.3907,-13.3786,8.73,0,,,,,0,1.2,aucune_donnee
TIC 423525962,71.9459,-19.9439,8.73,0,,,,,0,14.0,aucune_donnee
TIC 178215245,58.8211,-18.3458,8.73,0,,,,,3,3.4,ok
TIC 317716858,88.9451,-15.1849,8.73,0,,,,,3,3.7,ok
TIC 172595651,100.638,-26.6633,8.73,0,,,,,0,5.5,aucune_donnee
TIC 257420925,22.2332,-14.0326,8.73,0,,,,,2,2.9,ok
TIC 70503505,32.3051,-27.5689,8.73,0,,,,,2,2.3,ok
TIC 7648208,64.6182,-36.5146,8.74,0,,,,,0,13.5,aucune_donnee
TIC 166775674,57.2121,-35.202,8.74,0,,,,,1,1.6,ok
TIC 121566895,69.2375,-20.1063,8.74,0,,,,,0,17.0,aucune_donnee
TIC 10862913,25.8865,-6.7108,8.74,0,,,,,3,3.8,ok
TIC 150739793,117.8105,-31.6811,8.74,0,,,,,2,2.4,ok
TIC 111152015,110.3637,-35.2952,8.74,0,,,,,5,5.2,ok
TIC 89111480,54.986,-26.2221,8.74,0,,,,,2,2.9,ok
TIC 219001381,42.5854,-23.4812,8.74,0,,,,,3,4.0,ok
TIC 93444382,87.1629,-23.0022,8.74,0,,,,,3,3.9,ok
TIC 98680014,43.6356,-16.7916,8.74,0,,,,,2,2.6,ok
TIC 88479623,47.0302,-24.7587,8.74,0,,,,,2,2.5,ok
TIC 120959611,54.285,-21.7901,8.75,0,,,,,2,2.6,ok
TIC 92871173,82.9706,-22.9397,8.75,0,,,,,4,4.8,ok
TIC 10820352,20.5756,-7.0942,8.75,0,,,,,3,4.3,ok
TIC 33518759,87.9135,-22.028,8.75,0,,,,,5,5.8,ok
TIC 92348102,51.5667,-20.7752,8.75,0,,,,,1,1.5,ok
TIC 55875855,49.8559,-12.503,8.75,0,,,,,0,1.1,aucune_donnee
TIC 306538495,107.6209,-17.0518,8.75,0,,,,,3,3.2,ok
TIC 72645409,32.615,-27.8173,8.75,0,,,,,0,3.4,aucune_donnee
TIC 92260155,50.0014,-20.4806,8.75,0,,,,,2,2.5,ok
TIC 65137382,107.7745,-27.7676,8.75,0,,,,,6,5.9,ok
TIC 139732428,67.0631,-23.1016,8.75,0,,51.8,rejete,eclipse_secondaire;compagnon_trop_gros_4.2Rjup,2,4.7,ok
TIC 97421355,106.6237,-35.3045,8.75,0,,,,,5,5.1,ok
TIC 149751304,116.5356,-31.793,8.75,0,,,,,2,2.7,ok
TIC 423396843,31.3592,-6.0381,8.75,0,,,,,0,4.6,aucune_donnee
TIC 37442078,92.5078,-27.8607,8.75,0,,,,,4,4.5,ok
TIC 614129,72.5915,-28.6029,8.75,0,,,,,2,2.9,ok
TIC 72622303,31.6669,-26.8268,8.75,0,,,,,3,3.6,ok
TIC 7807828,67.6686,-36.7353,8.76,0,,,,,5,5.6,ok
TIC 146442437,75.8818,-21.452,8.76,0,,,,,2,3.1,ok
TIC 302457492,33.792,-12.3623,8.76,0,,,,,2,2.8,ok
TIC 201492842,92.7841,-35.4859,8.76,0,,,,,1,1.5,ok
TIC 32535649,20.2801,-15.6095,8.76,0,,,,,3,3.5,ok
TIC 32950934,87.7329,-29.9219,8.76,0,,,,,0,14.5,aucune_donnee
TIC 66159809,109.1447,-28.7328,8.76,0,,,,,6,6.1,ok
TIC 166791418,57.7775,-33.641,8.76,0,,,,,0,0.9,aucune_donnee
TIC 78054918,80.4151,-30.6378,8.77,0,,,,,2,2.5,ok
TIC 28128147,24.0621,-21.628,8.77,0,,,,,3,3.6,ok
TIC 123569493,88.9922,-23.4446,8.77,0,,,,,3,3.7,ok
TIC 93281187,86.2035,-21.5079,8.77,0,,,,,5,5.6,ok
TIC 248953763,21.3339,-5.0286,8.77,0,,,,,3,3.9,ok
TIC 115046408,73.0035,-17.0571,8.77,0,,,,,1,2.4,ok
TIC 250383070,29.7729,-4.6992,8.77,0,,,,,3,3.8,ok
TIC 32605904,85.2329,-27.0433,8.77,0,,,,,0,6.8,aucune_donnee
TIC 139827347,68.3229,-20.8933,8.77,0,,,,,1,1.7,ok
TIC 146422102,75.1628,-19.8793,8.77,0,,,,,2,2.9,ok
TIC 178896062,67.9668,-24.5669,8.77,0,,,,,1,1.9,ok
TIC 179049597,64.5992,-25.5052,8.77,0,,,,,3,4.2,ok
TIC 152370762,65.2933,-24.5392,8.77,0,,,,,3,3.4,ok
TIC 409135458,109.513,-15.4153,8.77,0,,,,,4,5.1,ok
TIC 423764333,51.7572,-25.9404,8.77,0,,,,,0,1.2,aucune_donnee
TIC 299198645,22.5508,-10.6446,8.77,0,,,,,3,3.7,ok
TIC 169320215,76.0566,-17.3236,8.78,0,,,,,3,3.9,ok
TIC 120957863,54.1378,-23.3681,8.78,0,,,,,0,2.6,aucune_donnee
TIC 64548350,106.9877,-24.6537,8.78,0,,,,,0,2.0,aucune_donnee
TIC 117939906,71.6618,-14.7564,8.78,0,,,,,2,2.8,ok
TIC 29903974,24.5445,-6.654,8.78,0,,,,,2,2.7,ok
TIC 266716261,28.3991,-19.5813,8.78,0,,,,,2,2.3,ok
TIC 77743907,77.5241,-33.7794,8.78,0,,,,,2,3.2,ok
TIC 146284964,73.4086,-23.4775,8.78,0,,,,,3,4.0,ok
TIC 70962932,64.8919,-15.1699,8.78,0,,,,,2,2.9,ok
TIC 169416941,77.0639,-14.258,8.78,0,,,,,0,14.7,aucune_donnee
TIC 121104713,57.4441,-19.352,8.78,0,,,,,1,1.7,ok
TIC 88405858,45.3234,-27.4935,8.78,0,,,,,3,4.0,ok
TIC 121048789,56.2002,-21.2942,8.79,0,,,,,1,2.0,ok
TIC 13135903,76.6336,-28.5604,8.79,0,,,,,1,1.9,ok
TIC 279432555,58.0873,-12.066,8.79,0,,,,,0,1.5,aucune_donnee
TIC 25003871,30.4919,-6.1183,8.79,0,,,,,1,2.1,ok
TIC 143167887,89.9135,-32.6091,8.79,0,,,,,5,6.1,ok
TIC 66552481,17.0317,-14.7328,8.79,0,,,,,3,3.8,ok
TIC 419144665,120.7366,-34.3414,8.79,0,,,,,1,1.6,ok
TIC 33494455,26.445,-26.2532,8.79,0,,,,,4,4.7,ok
TIC 241392838,24.5042,-5.6634,8.79,0,,,,,3,4.0,ok
TIC 10880783,26.3973,-10.2796,8.79,0,,,,,2,3.5,ok
TIC 32533837,20.0158,-16.8486,8.79,0,,,,,?,275.6,timeout
TIC 332716401,32.7748,-4.6053,8.79,0,,,,,2,3.0,ok
TIC 89114587,55.4543,-28.7877,8.8,0,,,,,1,1.6,ok
TIC 268635349,16.5451,-18.839,8.8,0,,,,,2,2.8,ok
TIC 349414186,114.5531,-20.2201,8.8,0,,,,,2,2.7,ok
TIC 95328122,90.5984,-16.0904,8.8,0,,,,,2,2.6,ok
TIC 439461741,19.6923,-19.0996,8.8,0,,,,,2,2.5,ok
TIC 201492238,92.7491,-34.4785,8.8,0,,,,,2,4.1,ok
TIC 66604971,38.1511,-16.8559,8.8,0,,,,,3,3.7,ok
TIC 178244138,59.2725,-21.1582,8.8,0,,,,,2,2.9,ok
TIC 23169163,46.4799,-11.353,8.8,0,,,,,2,2.4,ok
TIC 423449318,51.2417,-12.0078,8.8,0,,,,,2,2.8,ok
TIC 1274216,72.828,-31.9782,8.81,0,,,,,3,4.0,ok
TIC 166874846,59.6637,-31.5955,8.81,0,,,,,3,3.4,ok
TIC 65325314,38.9301,-27.5249,8.81,0,,,,,4,4.5,ok
TIC 248960318,21.9543,-4.4685,8.81,0,,,,,1,1.5,ok
TIC 31305638,82.9964,-26.0393,8.81,0,,,,,0,19.4,aucune_donnee
TIC 160149154,78.939,-27.388,8.81,0,,,,,4,5.6,ok
TIC 166774008,57.2762,-30.8639,8.81,0,,,,,2,2.4,ok
TIC 160302354,88.6544,-22.3811,8.81,0,,,,,3,3.7,ok
TIC 29903086,24.479,-9.6127,8.81,0,,,,,2,2.2,ok
TIC 29855600,24.192,-8.3772,8.81,0,,,,,3,4.3,ok
TIC 610232,72.3151,-27.176,8.81,0,,,,,2,2.7,ok
TIC 289732276,36.6253,-16.737,8.82,0,,,,,2,2.9,ok
TIC 168873676,65.2881,-35.2956,8.82,0,,,,,0,9.8,aucune_donnee
TIC 124382410,93.099,-19.7976,8.82,0,,,,,2,2.5,ok
TIC 9964689,50.4191,-9.8202,8.82,0,,,,,1,1.9,ok
TIC 36874721,43.0171,-11.5947,8.82,0,,,,,2,2.3,ok
TIC 77156015,68.1089,-36.3425,8.82,0,,,,,2,2.5,ok
TIC 1114066,36.1615,-11.8302,8.82,0,,,,,3,4.1,ok
TIC 189016091,79.236,-14.9339,8.82,0,,,,,2,3.7,ok
TIC 178321908,61.1368,-21.4635,8.82,0,,,,,0,9.2,aucune_donnee
TIC 44891888,63.4028,-27.6689,8.82,0,,,,,1,1.6,ok
TIC 318012835,89.9402,-16.2023,8.82,0,,,,,2,3.1,ok
TIC 64106027,39.5281,-20.1891,8.82,0,,,,,3,3.9,ok
TIC 246902275,73.4614,-17.7782,8.82,0,,,,,3,3.7,ok
TIC 109403583,113.1511,-27.9601,8.83,0,,,,,3,3.4,ok
TIC 59846354,94.258,-22.4351,8.83,0,,,,,3,3.2,ok
TIC 10826938,110.2319,-21.2703,8.83,0,,,,,3,3.3,ok
TIC 248987282,23.028,-2.5037,8.83,0,,,,,5,5.4,ok
TIC 178871947,67.1201,-23.8798,8.83,0,,,,,1,3.9,ok
TIC 144861737,121.9445,-33.0916,8.83,0,,,,,0,14.2,aucune_donnee
TIC 117674249,68.4651,-13.7697,8.83,0,,,,,1,2.8,ok
TIC 63943868,36.3657,-18.5915,8.83,0,,,,,3,6.9,ok
TIC 92248458,49.3035,-19.2075,8.83,0,,,,,2,4.9,ok
TIC 322571359,89.6275,-22.8817,8.83,0,,,,,4,8.8,ok
TIC 32498058,84.1936,-24.0312,8.83,0,,,,,5,10.9,ok
TIC 144620136,53.6438,-24.337,8.83,0,,,,,0,6.7,aucune_donnee
TIC 100678988,87.328,-31.0911,8.83,0,,,,,6,12.9,ok
TIC 64110704,40.1776,-22.8243,8.84,0,,,,,3,7.0,ok
TIC 192846511,83.2187,-36.4579,8.84,0,,,,,6,12.9,ok
TIC 141731162,117.6486,-22.5196,8.84,0,,,,,2,5.4,ok
TIC 266855631,31.5099,-23.4003,8.84,0,,,,,3,7.2,ok
TIC 121568152,69.3876,-20.1963,8.84,0,,,,,1,3.3,ok
TIC 369519288,107.9449,-36.5893,8.84,0,,,,,0,10.1,aucune_donnee
TIC 287992793,97.875,-16.3983,8.84,0,,,,,2,4.7,ok
TIC 44895777,63.7855,-25.5442,8.84,0,,,,,0,12.0,aucune_donnee
TIC 100609635,86.982,-30.7777,8.84,0,,,,,4,8.3,ok
TIC 98796344,45.4613,-16.5953,8.84,0,,,,,2,4.5,ok
TIC 257486140,30.9638,-14.463,8.84,0,,,,,3,7.9,ok
TIC 64146138,40.6279,-21.8171,8.84,0,,,,,3,7.0,ok
TIC 201493851,92.8752,-34.7201,8.84,0,,,,,0,15.2,aucune_donnee
TIC 1098205,35.7708,-8.5981,8.84,0,,,,,2,5.1,ok
TIC 79780427,104.6873,-19.33,8.85,0,,,,,0,2.0,aucune_donnee
TIC 121134321,57.9932,-22.6934,8.85,0,,,,,0,2.0,aucune_donnee
TIC 92937296,83.4744,-22.735,8.85,0,,,,,1,4.4,ok
TIC 268688070,17.8811,-20.4322,8.85,0,,,,,1,4.6,ok
TIC 176841549,49.1901,-32.0893,8.85,0,,,,,3,8.0,ok
TIC 139547312,63.9814,-18.3425,8.85,0,,,,,3,7.8,ok
TIC 144652899,54.1054,-27.889,8.85,0,,,,,1,3.4,ok
TIC 78052752,80.3308,-35.2001,8.85,0,,,,,0,22.4,aucune_donnee
TIC 121091799,57.3479,-17.9429,8.85,0,,,,,2,4.6,ok
TIC 24625007,84.3112,-31.7873,8.85,0,,,,,6,12.4,ok
TIC 178249495,59.3535,-20.4384,8.85,0,,,,,3,6.5,ok
TIC 20096356,89.4617,-38.0677,8.85,0,,,,,6,12.3,ok
TIC 257397199,22.1027,-15.9079,8.85,0,,,,,1,3.5,ok
TIC 71047393,66.3936,-13.8918,8.86,0,,,,,3,7.1,ok
TIC 1437448,74.5886,-33.6858,8.86,0,,,,,2,5.2,ok
TIC 439490465,21.1672,-21.095,8.86,0,,,,,2,5.2,ok
TIC 139484364,35.9887,-29.4347,8.86,0,,,,,1,3.3,ok
TIC 89045042,47.5945,-31.1265,8.86,1,6.3215,14.7,rejete,variabilite_continue,3,10.3,ok
TIC 1218885,71.5551,-34.1367,8.86,0,,,,,3,7.4,ok
TIC 1123472,36.8708,-11.1465,8.86,0,,,,,2,4.9,ok
TIC 29958632,42.1338,-13.3481,8.86,0,,,,,2,4.4,ok
TIC 97491831,106.6173,-30.2767,8.86,0,,,,,0,10.2,aucune_donnee
TIC 144540373,52.4101,-28.4946,8.86,0,,,,,1,2.9,ok
TIC 328101735,27.7651,-5.4697,8.86,0,,,,,2,5.1,ok
TIC 64009091,37.359,-22.3029,8.87,0,,,,,3,7.0,ok
TIC 178274992,60.1296,-18.1276,8.87,0,,,,,3,6.3,ok
TIC 14091633,77.2601,-36.4644,8.87,0,,,,,4,8.9,ok
TIC 178828722,66.1778,-24.1933,8.87,0,,,,,4,8.5,ok
TIC 89184869,57.3435,-26.2807,8.87,0,,,,,2,4.3,ok
TIC 441151459,40.7751,-16.9371,8.87,0,,,,,3,6.7,ok
TIC 287187603,27.2641,-7.4378,8.87,0,,,,,2,4.9,ok
TIC 65901284,108.7378,-26.1659,8.87,0,,,,,0,3.6,aucune_donnee
TIC 24978613,29.5319,-6.0362,8.87,0,,,,,1,2.8,ok
TIC 136845362,23.2177,-8.1493,8.87,0,,,,,2,4.5,ok
TIC 4646810,38.2707,-10.3525,8.87,0,,,,,2,4.6,ok
TIC 423785607,71.046,-28.2327,8.87,0,,,,,3,6.7,ok
TIC 72730452,34.4826,-28.7797,8.87,0,,,,,2,5.6,ok
TIC 92253059,49.8418,-22.3731,8.87,0,,,,,2,5.4,ok
TIC 122610019,40.6089,-31.5964,8.87,0,,,,,4,8.5,ok
TIC 178365213,62.0584,-20.1853,8.88,0,,,,,1,2.5,ok
TIC 1031405,34.0195,-9.8757,8.88,0,,,,,1,2.5,ok
TIC 119489195,97.7677,-37.8842,8.88,0,,,,,0,17.4,aucune_donnee
TIC 71373815,45.6048,-18.1343,8.88,0,,,,,2,4.6,ok
TIC 169399387,77.0776,-16.4743,8.88,0,,,,,3,7.0,ok
TIC 142958941,53.1132,-31.0789,8.88,0,,,,,2,4.8,ok
TIC 168850387,64.8339,-31.5765,8.88,0,,,,,2,4.5,ok
TIC 143093261,88.972,-32.9768,8.88,0,,,,,4,8.5,ok
TIC 316920092,74.7413,-14.7837,8.88,0,,,,,2,5.1,ok
TIC 423387510,28.9856,-3.2866,8.88,0,,,,,2,4.8,ok
TIC 150139466,117.0088,-31.196,8.89,0,,,,,3,6.4,ok
TIC 138740301,61.2227,-17.9542,8.89,0,,,,,2,4.4,ok
TIC 30027284,43.4041,-15.4952,8.89,0,,,,,2,4.5,ok
TIC 120955572,53.7264,-23.8594,8.89,0,,,,,0,4.5,aucune_donnee
TIC 65347635,39.7173,-28.1663,8.89,0,,,,,1,3.7,ok
TIC 77700654,76.3662,-33.8137,8.89,0,,,,,3,7.2,ok
TIC 117739818,96.1488,-31.8453,8.89,0,,,,,3,6.4,ok
TIC 170590348,65.7471,-30.1452,8.89,0,,,,,4,8.1,ok
TIC 11599080,20.541,-24.3662,8.9,0,,,,,3,7.4,ok
TIC 33475509,25.7028,-24.6886,8.9,0,,,,,0,9.1,aucune_donnee
TIC 93052387,52.5796,-14.1169,8.9,0,,,,,2,4.5,ok
TIC 439468674,20.7522,-18.9197,8.9,0,,,,,3,7.3,ok
TIC 33421737,87.5834,-17.9366,8.9,0,,,,,0,6.6,aucune_donnee
TIC 209454475,46.1974,-30.8555,8.9,0,,,,,3,7.2,ok
TIC 441520202,49.3068,-16.3174,8.9,0,,,,,2,4.7,ok
TIC 71374409,45.7,-19.7157,8.9,0,,,,,2,4.4,ok
TIC 268768566,32.2756,-23.7651,8.91,0,,,,,1,3.1,ok
TIC 672060,73.4518,-28.9854,8.91,0,,,,,3,6.9,ok
TIC 52049813,98.8559,-35.0486,8.91,0,,,,,1,2.5,ok
TIC 178274682,60.0091,-19.1821,8.91,0,,,,,3,6.3,ok
TIC 93372128,86.6696,-22.7317,8.91,0,,,,,3,6.6,ok
TIC 23221725,47.5825,-9.1253,8.91,0,,,,,1,2.8,ok
TIC 404452391,15.8425,-15.4435,8.92,0,,,,,3,6.7,ok
TIC 78076210,80.8537,-34.56,8.92,0,,,,,3,6.3,ok
TIC 60290939,95.7224,-23.1425,8.92,0,,,,,3,6.2,ok
TIC 1334706,73.393,-35.7272,8.92,0,,,,,4,9.1,ok
TIC 32702481,86.0309,-28.6105,8.92,0,,,,,5,10.1,ok
TIC 166764713,57.1201,-30.0778,8.92,0,,,,,0,1.3,aucune_donnee
TIC 77208546,69.0396,-36.6138,8.92,0,,,,,5,11.0,ok
TIC 24532191,83.2575,-34.4136,8.92,0,,,,,5,10.5,ok
TIC 148500261,106.45,-13.5499,8.92,0,,,,,2,4.4,ok
TIC 92261712,50.268,-23.0793,8.92,0,,,,,2,4.5,ok
TIC 166849661,58.777,-32.0987,8.93,0,,,,,0,2.4,aucune_donnee
TIC 279339318,34.9942,-19.0616,8.93,0,,,,,2,5.0,ok
TIC 166791218,57.7293,-32.6553,8.93,0,,,,,1,2.4,ok
TIC 178807323,66.2206,-26.4671,8.93,0,,,,,2,4.3,ok
TIC 33525775,26.9757,-27.1558,8.93,0,,,,,0,4.9,aucune_donnee
TIC 37390302,92.2069,-27.1511,8.93,0,,,,,0,20.3,aucune_donnee
TIC 124227392,92.3687,-20.7949,8.93,0,,,,,1,2.7,ok
TIC 92845906,82.5796,-19.2756,8.94,0,,,,,3,5.9,ok
TIC 332558739,61.7107,-16.1176,8.94,0,,,,,2,4.4,ok
TIC 62424170,29.4789,-11.9588,8.94,0,,,,,1,2.6,ok
TIC 93017098,28.8906,-12.4445,8.94,0,,,,,3,7.0,ok
TIC 266855160,31.2536,-20.4617,8.94,0,,,,,3,6.9,ok
TIC 382340591,26.5015,-13.4377,8.94,0,,,,,3,6.8,ok
TIC 13064912,75.8226,-25.4578,8.94,0,,,,,1,2.5,ok
TIC 53606608,103.3113,-24.2617,8.94,0,,,,,1,2.6,ok
TIC 93334213,86.587,-18.3125,8.94,0,,,,,2,4.9,ok
TIC 439456126,18.9053,-19.0052,8.95,0,,,,,1,2.3,ok
TIC 30017739,43.0952,-17.5272,8.95,0,,,,,2,4.5,ok
TIC 136844463,23.105,-9.5035,8.95,0,,,,,0,5.9,aucune_donnee
TIC 113930954,113.8063,-34.654,8.95,0,,,,,4,8.5,ok
TIC 139525426,36.2951,-24.0317,8.95,0,,,,,4,8.6,ok
TIC 72762957,34.929,-27.756,8.95,0,,,,,2,4.2,ok
TIC 71025404,65.8468,-16.1086,8.96,0,,,,,2,4.4,ok
TIC 1333943,73.2682,-32.8371,8.96,0,,,,,3,6.8,ok
TIC 168725927,62.1946,-31.8791,8.96,0,,,,,3,6.2,ok
TIC 35101923,35.4005,-16.3918,8.96,0,,,,,3,6.9,ok
TIC 33556429,88.2907,-19.8829,8.96,0,,,,,3,6.5,ok
TIC 117979455,71.8025,-17.2536,8.96,0,,,,,3,7.8,ok
TIC 65347768,39.7695,-27.3441,8.96,0,,,,,0,3.8,aucune_donnee
TIC 65449961,42.1468,-28.5427,8.96,0,,,,,2,4.7,ok
TIC 65290860,38.2726,-27.2647,8.96,0,,,,,2,4.4,ok
TIC 37916540,94.5503,-24.4292,8.96,0,,,,,0,7.8,aucune_donnee
TIC 55856292,23.1607,-24.2221,8.96,0,,,,,2,5.2,ok
TIC 1399775,74.6429,-34.3636,8.96,0,,,,,3,7.0,ok
TIC 168727443,62.3779,-34.8988,8.96,0,,,,,2,4.5,ok
TIC 64177237,40.9232,-22.6704,8.96,0,,,,,3,7.0,ok
TIC 33523087,88.151,-20.7946,8.97,0,,,,,5,10.3,ok
TIC 139826005,68.3562,-18.5051,8.97,0,,,,,2,5.0,ok
TIC 144599406,53.1602,-26.7528,8.97,0,,,,,2,4.5,ok
TIC 336875855,17.9753,-11.7144,8.97,0,,,,,0,6.2,aucune_donnee
TIC 1223574,71.817,-35.6987,8.97,0,,,,,1,3.5,ok
TIC 92346704,51.5445,-22.9006,8.97,0,,,,,2,4.5,ok
TIC 139669506,66.0256,-18.5328,8.97,0,,,,,2,5.8,ok
TIC 24925732,28.0159,-9.5814,8.97,0,,,,,3,6.8,ok
TIC 71090461,66.8001,-17.5785,8.98,0,,,,,3,6.8,ok
TIC 121106558,57.7342,-22.9031,8.98,0,,,,,0,1.1,aucune_donnee
TIC 123762225,90.2614,-23.1653,8.98,0,,,,,2,4.6,ok
TIC 144496636,49.7388,-28.2745,8.98,0,,,,,2,4.6,ok
TIC 92230185,48.771,-23.9376,8.99,0,,,,,2,4.6,ok
TIC 30999408,80.3102,-25.8311,8.99,0,,,,,0,6.5,aucune_donnee
TIC 64032349,37.8784,-17.9881,8.99,0,,,,,0,3.1,aucune_donnee
TIC 178285819,60.5349,-21.6511,8.99,0,,,,,0,3.3,aucune_donnee
TIC 168852887,65.0638,-33.0036,8.99,0,,,,,3,6.9,ok
TIC 92360222,52.338,-17.8982,8.99,0,,,,,2,4.5,ok
TIC 164720937,25.6878,-21.6469,8.99,0,,,,,3,6.9,ok
TIC 273880657,34.4701,-17.8795,8.99,0,,,,,2,5.2,ok
TIC 120897789,36.8309,-24.5188,8.99,0,,,,,0,2.1,aucune_donnee
TIC 117648546,68.0325,-17.5495,9.0,0,,,,,2,5.2,ok
TIC 164681783,24.6888,-18.6967,9.0,0,,,,,3,7.1,ok
TIC 178829660,66.388,-27.8904,9.0,0,,,,,1,2.9,ok
TIC 169531122,78.0189,-16.7325,9.0,0,,,,,1,2.6,ok
TIC 441129058,39.7824,-15.7412,9.0,0,,,,,2,5.0,ok
TIC 166850491,58.8937,-31.2839,9.0,0,,,,,2,4.3,ok
TIC 406476297,50.494,-12.8787,9.01,0,,,,,2,4.4,ok
TIC 146597820,77.7783,-19.1552,9.01,0,,,,,0,5.0,aucune_donnee
TIC 124749934,94.0468,-33.45,9.01,0,,,,,2,5.8,ok
TIC 88483318,47.4395,-25.0837,9.01,0,,,,,2,4.3,ok
TIC 142937186,52.2923,-31.3627,9.01,0,,,,,1,2.6,ok
TIC 250386603,30.1302,-2.9392,9.01,0,,,,,2,4.9,ok
TIC 117844164,70.4043,-16.6888,9.01,0,,,,,1,2.6,ok
TIC 140280887,85.1671,-31.2013,9.01,0,,,,,6,12.2,ok
TIC 65480116,42.5477,-26.0406,9.01,0,,,,,3,6.9,ok
TIC 139636100,65.2494,-19.8201,9.02,0,,,,,1,2.8,ok
TIC 124688579,93.8322,-33.7452,9.02,0,,,,,1,2.5,ok
TIC 44670258,60.0166,-29.038,9.02,0,,,,,3,6.5,ok
TIC 178804623,65.9158,-25.9525,9.02,0,,,,,1,2.5,ok
TIC 212378706,27.0911,-14.9569,9.02,0,,,,,3,6.9,ok
TIC 176833477,49.1344,-32.82,9.03,0,,,,,3,6.8,ok
TIC 121711742,73.2066,-19.9173,9.03,0,,,,,1,3.0,ok
TIC 439490987,21.2603,-23.6819,9.03,0,,,,,3,6.8,ok
TIC 299177790,22.4218,-5.8982,9.03,0,,,,,2,4.4,ok
TIC 65346691,39.6523,-25.2521,9.03,0,,,,,4,9.1,ok
TIC 77859746,78.4325,-30.56,9.03,0,,,,,1,3.2,ok
TIC 146307233,73.5105,-22.3571,9.03,0,,,,,1,2.7,ok
TIC 409603127,110.3139,-12.8436,9.03,0,,,,,3,6.3,ok
TIC 127495746,117.0644,-25.4375,9.03,0,,,,,0,4.9,aucune_donnee
TIC 173757551,112.7811,-36.3487,9.03,0,,,,,2,4.7,ok
TIC 100530189,86.206,-30.9401,9.04,0,,,,,1,3.2,ok
TIC 179050414,64.669,-29.3317,9.04,0,,,,,4,8.0,ok
TIC 188968885,78.5217,-16.1276,9.04,0,,,,,2,4.5,ok
TIC 144622242,53.8812,-25.1459,9.04,0,,,,,2,4.4,ok
TIC 415983377,15.8881,-16.5777,9.04,0,,,,,3,6.7,ok
TIC 9903870,49.4608,-11.8573,9.04,0,,,,,1,2.6,ok
TIC 81326587,106.6345,-22.9961,9.04,0,,,,,0,2.3,aucune_donnee
TIC 117937967,71.4449,-14.9258,9.04,0,,,,,2,5.3,ok
TIC 109456671,113.3266,-27.2281,9.04,0,,,,,0,2.9,aucune_donnee
TIC 188988579,78.8443,-16.5431,9.04,0,,,,,2,4.5,ok
TIC 33663818,29.9799,-28.1571,9.04,0,,,,,3,6.9,ok
TIC 160187630,79.6622,-16.7801,9.04,0,,,,,0,6.6,aucune_donnee
TIC 29960063,42.2866,-14.8106,9.04,0,,,,,2,4.4,ok
TIC 241486051,25.0001,-2.9421,9.04,0,,,,,3,6.2,ok
TIC 1224672,71.8501,-33.159,9.05,0,,,,,4,9.2,ok
TIC 317480917,88.0968,-17.623,9.05,0,,,,,0,8.3,aucune_donnee
TIC 142838545,119.1251,-23.6889,9.05,0,,,,,0,5.2,aucune_donnee
TIC 268785005,32.676,-23.0707,9.05,0,,,,,3,7.1,ok
TIC 209450205,45.5782,-30.4837,9.05,0,,,,,1,3.2,ok
TIC 299121311,21.7276,-11.6576,9.05,0,,,,,0,1.7,aucune_donnee
TIC 334355662,116.8347,-14.6739,9.06,0,,,,,3,6.5,ok
TIC 32573380,37.5818,-16.2379,9.06,0,,,,,2,5.0,ok
TIC 65448175,41.8603,-27.3018,9.06,0,,,,,0,6.8,aucune_donnee
TIC 77861050,78.5757,-32.7952,9.06,0,,,,,4,9.4,ok
TIC 257461698,30.4433,-16.9469,9.06,0,,,,,3,7.0,ok
TIC 274000285,42.6703,-21.552,9.06,0,,,,,3,6.9,ok
TIC 172839707,101.7996,-27.3491,9.06,0,,,,,1,2.8,ok
TIC 179034327,64.1839,-26.7668,9.06,0,,,,,4,8.5,ok
TIC 10802390,20.1967,-11.0229,9.06,0,,,,,0,5.3,aucune_donnee
TIC 144622082,53.8584,-26.0304,9.06,0,,,,,1,3.1,ok
TIC 178871928,66.9551,-23.9746,9.06,0,,,,,2,4.9,ok
TIC 88524347,48.1404,-26.9535,9.06,0,,,,,2,4.4,ok
TIC 439403362,18.137,-16.9943,9.07,0,,,,,3,7.0,ok
TIC 32759735,86.3419,-24.0187,9.07,0,,,,,2,5.0,ok
TIC 120956775,54.0923,-18.5073,9.07,0,,,,,1,2.5,ok
TIC 139829027,68.3265,-23.5795,9.07,0,,,,,1,2.6,ok
TIC 13096700,76.4593,-27.5224,9.07,0,,,,,2,5.4,ok
TIC 37913497,94.6486,-28.1777,9.07,0,,,,,1,2.5,ok
TIC 595279,72.0788,-26.8538,9.08,0,,,,,2,5.1,ok
TIC 55891576,49.9653,-16.7495,9.08,0,,,,,1,2.5,ok
TIC 146535972,76.8168,-23.1896,9.08,0,,,,,3,7.0,ok
TIC 10841335,25.5634,-10.2821,9.08,0,,,,,3,7.1,ok
TIC 9804172,47.6393,-11.6469,9.08,0,,,,,1,2.5,ok
TIC 88481050,47.2077,-26.356,9.08,0,,,,,1,3.3,ok
TIC 37599746,92.9957,-24.4561,9.09,0,,,,,2,4.5,ok
TIC 77840668,78.1496,-34.4802,9.09,0,,,,,2,4.2,ok
TIC 120977912,54.8746,-20.1097,9.09,0,,,,,2,4.3,ok
TIC 423519046,71.7121,-21.6879,9.09,0,,,,,2,5.2,ok
TIC 201372727,91.8023,-35.6889,9.09,0,,,,,0,9.8,aucune_donnee
TIC 34733718,96.0726,-14.7635,9.09,0,,,,,0,4.8,aucune_donnee
TIC 1030783,34.0352,-7.4675,9.09,0,,,,,1,2.8,ok
TIC 114955465,72.7887,-17.8568,9.1,0,,,,,2,4.5,ok
TIC 72581108,30.7124,-28.06,9.1,0,,,,,1,2.6,ok
TIC 201465733,92.4981,-35.8457,9.1,0,,,,,5,10.7,ok
TIC 71130840,67.2628,-15.2316,9.1,0,,,,,0,4.1,aucune_donnee
TIC 382324724,29.4605,-9.3775,9.1,0,,,,,2,5.4,ok
TIC 143171265,89.9996,-34.4526,9.1,0,,,,,2,4.9,ok
TIC 139680530,66.1742,-20.629,9.1,0,,,,,1,3.4,ok
TIC 441538680,49.4843,-15.5086,9.1,0,,,,,1,2.6,ok
TIC 89116063,55.6079,-26.8312,9.1,0,,,,,1,2.5,ok
TIC 117645677,67.9111,-16.9169,9.1,0,,,,,0,15.3,aucune_donnee
TIC 268535832,15.3153,-19.2119,9.11,0,,,,,3,7.3,ok
TIC 170804426,69.8808,-34.4809,9.11,0,,,,,5,10.6,ok
TIC 32580288,37.5762,-13.2955,9.11,0,,,,,3,7.0,ok
TIC 348594794,113.7653,-20.2169,9.11,0,,,,,0,6.7,aucune_donnee
TIC 55873590,49.5958,-14.7491,9.11,0,,,,,1,2.9,ok
TIC 164766841,26.1312,-19.4032,9.11,0,,,,,3,6.7,ok
TIC 168704114,62.068,-33.2581,9.11,0,,,,,0,5.3,aucune_donnee
TIC 36915560,43.8468,-8.2977,9.12,0,,,,,0,1.2,aucune_donnee
TIC 146441629,75.8035,-19.122,9.12,0,,,,,0,22.6,aucune_donnee
TIC 44741330,61.3211,-28.3515,9.12,0,,,,,2,5.1,ok
TIC 167745083,80.8314,-36.3141,9.12,0,,,,,2,4.4,ok
TIC 92937239,83.556,-22.5889,9.12,0,,,,,0,18.7,aucune_donnee
TIC 13345143,78.8803,-28.7503,9.12,0,,,,,4,9.2,ok
TIC 29928567,24.7822,-17.9467,9.12,0,,,,,3,7.0,ok
TIC 37389895,92.2506,-27.6936,9.12,0,,,,,1,2.7,ok
TIC 21578667,86.6127,-36.5991,9.12,0,,,,,2,4.5,ok
TIC 332621809,62.4153,-16.8845,9.12,0,,,,,1,2.6,ok
TIC 398736298,32.6216,-10.6808,9.12,0,,,,,3,7.0,ok
TIC 71134596,67.3636,-15.0309,9.12,0,,,,,3,7.3,ok
TIC 52683875,101.1366,-31.0216,9.13,0,,,,,0,4.5,aucune_donnee
TIC 1198429,71.329,-31.5281,9.13,0,,,,,1,2.7,ok
TIC 442921192,80.5611,-16.014,9.13,0,,,,,0,13.7,aucune_donnee
TIC 406448943,31.0492,-6.8854,9.13,0,,,,,3,6.7,ok
TIC 299177896,22.4765,-6.6814,9.13,0,,,,,2,5.3,ok
TIC 299200167,22.6688,-11.4089,9.13,0,,,,,3,6.8,ok
TIC 146346686,74.4696,-18.5055,9.13,0,,,,,2,4.7,ok
TIC 37441870,92.5552,-28.1681,9.14,0,,,,,3,7.0,ok
TIC 100779015,88.4366,-30.6755,9.14,0,,,,,1,2.6,ok
TIC 72668629,33.3533,-28.9701,9.14,0,,,,,0,2.1,aucune_donnee
TIC 279432324,57.927,-12.7581,9.14,0,,,,,3,6.3,ok
TIC 423396837,31.3929,-5.9975,9.14,0,,,,,0,7.2,aucune_donnee
TIC 32872137,87.1639,-27.3538,9.14,0,,,,,3,7.1,ok
TIC 266769586,29.7616,-23.3853,9.14,0,,,,,2,5.3,ok
TIC 241766979,27.2659,-2.5917,9.14,0,,,,,2,5.3,ok
TIC 266877378,31.4678,-19.3956,9.14,0,,,,,3,7.0,ok
TIC 72691619,33.8051,-27.4493,9.15,0,,,,,3,6.8,ok
TIC 146522419,76.7062,-21.5847,9.15,0,,,,,2,4.7,ok
TIC 124318879,92.9545,-20.4998,9.15,0,,,,,1,2.4,ok
TIC 153096451,89.1649,-27.4406,9.15,0,,,,,5,10.4,ok
TIC 737327,74.37,-29.163,9.15,0,,,,,2,4.6,ok
TIC 469967687,19.1952,-11.9754,9.15,0,,,,,2,4.7,ok
TIC 299199031,22.5471,-7.9251,9.15,0,,,,,1,3.3,ok
TIC 1396903,74.3125,-31.8854,9.15,0,,,,,3,7.1,ok
TIC 44799195,62.5818,-27.3421,9.15,0,,,,,3,6.3,ok
TIC 441131056,40.0484,-16.442,9.16,0,,,,,2,4.9,ok
TIC 93421919,87.106,-18.7035,9.16,0,,,,,0,8.9,aucune_donnee
TIC 268634769,16.5102,-22.4539,9.16,0,,,,,3,6.8,ok
TIC 30027042,43.3702,-14.2609,9.16,0,,,,,2,4.4,ok
TIC 14091704,77.3237,-36.5911,9.16,0,,,,,?,1014.8,timeout
TIC 149861193,62.9728,-22.1125,9.16,0,,,,,3,6.8,ok
TIC 29846206,23.3944,-9.5152,9.16,0,,,,,0,5.6,aucune_donnee
TIC 169530929,78.033,-17.2605,9.17,0,,,,,2,5.5,ok
TIC 13148202,77.1023,-24.243,9.17,0,,,,,3,7.4,ok
TIC 33526761,27.1508,-26.5552,9.17,0,,,,,2,4.9,ok
TIC 139827519,68.3172,-21.1367,9.17,0,,,,,3,7.0,ok
TIC 178288068,60.8255,-22.8166,9.17,0,,,,,3,6.3,ok
TIC 170678919,67.5524,-31.5415,9.17,0,,,,,1,2.5,ok
TIC 66573018,37.8132,-11.9743,9.18,0,,,,,2,5.2,ok
TIC 296070953,109.224,-12.7364,9.18,0,,,,,4,9.0,ok
TIC 209429812,45.3931,-30.6909,9.18,0,,,,,4,8.6,ok
TIC 279401229,57.6591,-14.9279,9.18,0,,,,,1,2.5,ok
TIC 168850874,64.9795,-30.4048,9.18,0,,,,,4,8.0,ok
TIC 231388295,114.9509,-23.032,9.18,0,,,,,3,6.2,ok
TIC 34262389,94.8117,-16.3398,9.19,0,,,,,0,3.1,aucune_donnee
TIC 142123599,118.177,-23.4862,9.19,0,,,,,0,5.8,aucune_donnee
TIC 179078071,64.7857,-26.9854,9.19,0,,,,,4,8.3,ok
TIC 441497101,23.5497,-19.2905,9.19,0,,,,,1,2.9,ok
TIC 88524187,48.1364,-25.8943,9.19,0,,,,,0,1.7,aucune_donnee
TIC 24525628,82.9233,-34.7585,9.19,0,,,,,3,7.1,ok
TIC 143168754,89.9225,-30.6649,9.19,0,,,,,4,9.5,ok
TIC 66646470,38.8335,-15.9088,9.19,0,,,,,1,3.1,ok
TIC 268587456,15.4528,-18.5633,9.2,0,,,,,1,3.5,ok
TIC 167798670,81.4182,-37.4824,9.2,0,,,,,2,4.5,ok
TIC 65417535,41.1825,-26.206,9.2,0,,,,,2,4.9,ok
TIC 201426753,92.33,-35.8257,9.2,0,,,,,5,11.2,ok
TIC 138758440,61.2005,-16.8471,9.2,0,,,,,1,2.7,ok
TIC 142939677,52.7002,-30.4385,9.2,0,,,,,2,4.7,ok
TIC 117896786,70.9133,-14.2294,9.2,0,,,,,0,6.4,aucune_donnee
TIC 141287246,44.9698,-11.8238,9.2,0,,,,,0,0.9,aucune_donnee
TIC 393388803,94.1623,-37.8576,9.2,0,,,,,2,4.6,ok
TIC 136842396,22.8186,-11.1191,9.2,0,,,,,3,6.5,ok
TIC 209450029,45.6304,-31.5945,9.2,0,,,,,1,3.0,ok
TIC 166898557,59.8359,-33.4535,9.21,0,,,,,2,4.4,ok
TIC 89148699,55.869,-24.63,9.21,0,,,,,1,2.5,ok
TIC 34726770,95.9637,-16.6358,9.21,0,,,,,0,1.5,aucune_donnee
TIC 209461117,46.9681,-30.586,9.21,0,,,,,1,2.4,ok
TIC 37152407,90.812,-28.1909,9.21,0,,,,,3,7.1,ok
TIC 46688944,85.5918,-16.6713,9.21,0,,,,,4,8.8,ok
TIC 37156163,90.9567,-25.243,9.21,0,,,,,0,13.4,aucune_donnee
TIC 88379410,44.8704,-28.3743,9.21,0,,,,,2,4.6,ok
TIC 148926472,115.2018,-35.6416,9.22,0,,,,,0,6.8,aucune_donnee
TIC 13146983,76.9198,-27.5663,9.22,0,,,,,2,5.5,ok
TIC 72730839,34.4059,-26.2904,9.22,0,,,,,2,5.1,ok
TIC 28077123,13.5415,-20.1254,9.22,0,,,,,1,2.7,ok
TIC 456766012,112.9545,-19.2223,9.22,0,,,,,2,4.5,ok
TIC 229078168,63.3109,-23.0567,9.22,0,,,,,3,6.5,ok
TIC 593228,71.847,-27.8419,9.22,0,,,,,2,4.9,ok
TIC 24979811,29.5963,-10.4661,9.22,0,,,,,3,6.8,ok
TIC 4717533,39.2775,-10.8213,9.23,0,,,,,2,4.4,ok
TIC 98795182,45.3965,-13.8849,9.23,0,,,,,1,2.4,ok
TIC 30926871,79.0539,-25.9143,9.23,0,,,,,0,15.6,aucune_donnee
TIC 124491883,93.5097,-20.9978,9.23,0,,,,,2,4.7,ok
TIC 268731845,18.6154,-23.8347,9.23,0,,,,,2,4.2,ok
TIC 441150173,40.6168,-15.0444,9.23,0,,,,,2,4.4,ok
TIC 95327817,90.5622,-15.7008,9.23,0,,,,,1,3.0,ok
TIC 120896022,36.7382,-29.205,9.23,0,,,,,1,2.3,ok
TIC 268805416,33.3213,-18.6514,9.23,0,,,,,3,6.9,ok
TIC 167455821,17.4517,-17.5421,9.24,0,,,,,2,4.9,ok
TIC 139484672,36.0715,-28.3912,9.24,0,,,,,3,7.0,ok
TIC 38377624,32.3033,-5.7437,9.24,0,,,,,0,1.7,aucune_donnee
TIC 393795123,81.132,-19.2154,9.24,0,,,,,0,5.6,aucune_donnee
TIC 419142079,120.6683,-33.7115,9.24,0,,,,,0,6.0,aucune_donnee
TIC 20209527,90.3713,-36.7504,9.24,0,,,,,3,7.3,ok
TIC 246897668,73.1027,-16.8243,9.24,0,,,,,3,7.2,ok
TIC 170806089,70.0056,-31.0741,9.24,0,,,,,2,5.1,ok
TIC 93032365,52.1635,-16.1901,9.24,0,,,,,1,2.5,ok
TIC 64030982,37.5668,-20.61,9.24,0,,,,,2,5.1,ok
TIC 398906730,79.3151,-20.8345,9.25,0,,,,,2,5.2,ok
TIC 257483561,30.5453,-16.5676,9.25,0,,,,,1,2.5,ok
TIC 279484329,58.776,-15.0083,9.25,0,,,,,3,6.2,ok
TIC 121568625,69.3542,-21.6456,9.25,0,,,,,3,7.0,ok
TIC 123975662,91.2828,-21.7252,9.25,0,,,,,4,8.8,ok
TIC 92844287,82.5762,-23.5233,9.26,0,,,,,1,3.2,ok
TIC 408119143,34.8524,-9.687,9.26,0,,,,,2,5.0,ok
TIC 47592532,104.1198,-28.6369,9.26,0,,,,,0,8.2,aucune_donnee
TIC 37606218,93.2486,-27.8804,9.26,1,7.8356,10.8,a_verifier,,2,6.5,ok
TIC 119490935,97.9746,-36.3627,9.26,0,,,,,3,6.7,ok
TIC 302378646,32.7239,-15.3628,9.26,0,,,,,2,5.3,ok
TIC 268616340,16.036,-22.1089,9.26,0,,,,,2,4.4,ok
TIC 64031614,37.7198,-23.1742,9.26,0,,,,,3,6.9,ok
TIC 120977099,54.7665,-23.6928,9.26,0,,,,,0,2.1,aucune_donnee
TIC 140387006,115.873,-22.4527,9.27,0,,,,,2,5.0,ok
TIC 35121538,35.7458,-15.542,9.27,0,,,,,2,5.0,ok
TIC 62422756,29.3145,-13.3193,9.27,0,,,,,3,7.0,ok
TIC 316835466,73.929,-15.412,9.27,0,,,,,0,13.2,aucune_donnee
TIC 123925509,90.9893,-20.8685,9.27,0,,,,,2,5.3,ok
TIC 461716410,59.9325,-13.547,9.27,0,,,,,2,4.4,ok
TIC 153210624,89.9841,-25.1537,9.28,0,,,,,2,4.4,ok
TIC 1069299,35.6181,-6.1664,9.28,0,,,,,1,2.4,ok
TIC 408085669,19.2284,-8.4399,9.28,0,,,,,1,2.6,ok
TIC 1028614,33.6506,-5.9423,9.28,0,,,,,2,5.1,ok
TIC 97506184,44.2607,-22.7023,9.29,0,,,,,2,4.5,ok
TIC 404461532,25.3817,-15.231,9.29,0,,,,,2,5.7,ok
TIC 204612037,41.5082,-23.5922,9.29,0,,,,,3,7.0,ok
TIC 317136523,86.8714,-14.8959,9.29,0,,,,,3,6.8,ok
TIC 346314697,96.6135,-16.7381,9.29,0,,,,,0,1.4,aucune_donnee
TIC 32536039,20.4052,-17.8794,9.29,0,,,,,3,6.7,ok
TIC 172523786,100.2822,-29.0624,9.29,0,,,,,1,2.5,ok
TIC 268716258,18.0328,-23.4314,9.29,0,,,,,1,2.4,ok
TIC 123796965,90.4163,-22.145,9.29,0,,,,,2,4.4,ok
TIC 322515993,44.856,-18.1354,9.3,0,,,,,2,4.4,ok
TIC 128897961,118.5164,-24.1531,9.3,0,,,,,0,3.1,aucune_donnee
TIC 241445773,24.9131,-2.5178,9.3,0,,,,,1,3.0,ok
TIC 93211439,85.5452,-23.1234,9.3,0,,,,,2,4.9,ok
TIC 408083250,18.816,-10.4868,9.3,0,,,,,1,2.5,ok
TIC 64069722,38.9145,-19.7723,9.3,0,,,,,3,6.9,ok
TIC 178276728,60.2886,-21.1435,9.3,0,,,,,3,7.1,ok
TIC 44670257,60.0171,-29.0412,9.3,0,,,,,2,4.3,ok
TIC 60523759,96.549,-20.5896,9.31,0,,,,,1,2.5,ok
TIC 169383301,76.6537,-15.7815,9.31,0,,,,,2,5.0,ok
TIC 1516727,75.3177,-30.0777,9.31,0,,,,,1,2.8,ok
TIC 146419250,75.0569,-19.2872,9.31,0,,,,,0,6.0,aucune_donnee
TIC 306364130,91.1018,-14.8237,9.31,0,,,,,1,2.8,ok
TIC 423699529,21.6088,-16.5281,9.32,0,,,,,3,6.6,ok
TIC 13146211,76.8785,-29.8587,9.32,0,,,,,0,10.3,aucune_donnee
TIC 346313762,96.7318,-17.647,9.32,0,,,,,0,2.4,aucune_donnee
TIC 47513732,98.386,-28.6027,9.32,0,,,,,3,6.2,ok
TIC 88482660,47.4722,-29.0278,9.32,0,,,,,3,7.5,ok
TIC 38000192,94.8949,-25.3283,9.32,0,,,,,2,4.5,ok
TIC 63958517,36.7847,-19.2879,9.33,0,,,,,3,7.0,ok
TIC 169304560,75.8319,-17.3768,9.33,0,,,,,3,7.1,ok
TIC 142983150,53.947,-33.7284,9.33,0,,,,,1,2.7,ok
TIC 166871751,59.2872,-34.1554,9.33,0,,,,,1,2.4,ok
TIC 142852451,50.3204,-30.9926,9.33,0,,,,,2,5.2,ok
TIC 139768637,68.2044,-22.5903,9.33,0,,,,,3,6.8,ok
TIC 60526209,96.4587,-18.5557,9.33,0,,,,,0,2.4,aucune_donnee
TIC 121078334,56.5991,-21.9724,9.34,0,,,,,2,4.6,ok
TIC 54002825,23.5503,-16.1764,9.34,0,,,,,2,5.2,ok
TIC 284121427,18.9498,-11.5433,9.34,0,,,,,0,5.4,aucune_donnee
TIC 88337457,43.7352,-24.8738,9.34,0,,,,,1,3.5,ok
TIC 92280742,50.2914,-21.5529,9.34,0,,,,,2,4.5,ok
TIC 34188653,94.5568,-16.8333,9.34,0,,,,,0,1.3,aucune_donnee
TIC 415224877,114.7654,-19.5293,9.34,0,,,,,0,4.2,aucune_donnee
TIC 52386303,100.0202,-30.5509,9.34,0,,,,,0,8.4,aucune_donnee
TIC 125953087,115.4294,-27.3645,9.34,0,,,,,4,8.7,ok
TIC 212375686,26.5501,-17.4484,9.35,0,,,,,3,6.9,ok
TIC 398796724,78.1473,-18.9939,9.35,0,,,,,0,24.3,aucune_donnee
TIC 317719608,89.1157,-16.2737,9.35,0,,,,,3,7.1,ok
TIC 65451563,42.3312,-29.0585,9.35,0,,,,,1,3.2,ok
TIC 268651718,17.2478,-19.3735,9.35,0,,,,,3,6.8,ok
TIC 167661160,79.7096,-36.0376,9.35,0,,,,,4,10.8,ok
TIC 170867166,70.3159,-35.2328,9.35,0,,,,,5,10.9,ok
TIC 13136934,76.6992,-25.1384,9.36,0,,,,,2,5.8,ok
TIC 332827567,34.1599,-5.2648,9.36,0,,,,,0,2.7,aucune_donnee
TIC 34590771,95.6749,-17.9559,9.36,0,,,,,3,6.6,ok
TIC 144651306,53.8205,-24.2409,9.36,0,,,,,0,3.7,aucune_donnee
TIC 77253676,69.7043,-36.6812,9.36,0,,,,,5,11.1,ok
TIC 402146297,70.7248,-19.7877,9.36,0,,,,,0,10.4,aucune_donnee
TIC 20072706,89.0256,-37.3241,9.36,0,,,,,0,25.7,aucune_donnee
TIC 88465914,46.8255,-26.4451,9.36,0,,,,,1,3.3,ok
TIC 143029484,54.7621,-33.9668,9.36,0,,,,,0,3.0,aucune_donnee
TIC 4742826,39.7907,-6.6137,9.36,0,,,,,1,2.5,ok
TIC 139551823,64.4262,-22.0093,9.36,0,,,,,2,4.6,ok
TIC 30000150,42.661,-14.2073,9.36,0,,,,,0,4.5,aucune_donnee
TIC 170677385,67.4275,-34.4158,9.36,0,,,,,5,11.3,ok
TIC 170635962,66.5487,-34.7031,9.37,0,,,,,4,8.9,ok
TIC 439501458,22.6003,-18.6597,9.37,0,,,,,2,4.9,ok
TIC 442925493,80.6645,-17.2746,9.37,0,,,,,1,9.0,ok
TIC 60035426,95.0326,-23.0942,9.37,0,,,,,1,2.5,ok
TIC 59747275,93.8638,-21.6319,9.37,0,,,,,2,4.4,ok
TIC 122610121,40.541,-30.8518,9.37,0,,,,,3,6.9,ok
TIC 139735624,67.3554,-22.3828,9.37,0,,,,,3,6.7,ok
TIC 123851135,90.614,-22.4227,9.37,0,,,,,1,3.0,ok
TIC 167451823,33.2459,-9.6149,9.37,0,,,,,0,2.2,aucune_donnee
TIC 168851948,64.9572,-35.0228,9.38,0,,,,,2,4.4,ok
TIC 88416301,45.9047,-25.5917,9.38,0,,,,,2,4.7,ok
TIC 189056466,79.4268,-14.7284,9.38,0,,,,,1,2.7,ok
TIC 65484200,43.1384,-26.3039,9.38,0,,,,,2,5.2,ok
TIC 439462713,19.8483,-23.2372,9.38,0,,,,,3,6.7,ok
TIC 168696027,61.4675,-31.6439,9.38,0,,,,,3,9.8,ok
TIC 423831579,71.4711,-29.7777,9.38,0,,,,,1,2.7,ok
TIC 204613241,41.6441,-18.9048,9.38,0,,,,,3,16.9,ok
TIC 322572784,89.6008,-20.6457,9.39,0,,,,,?,1013.9,timeout
TIC 423781563,51.9038,-25.4002,9.39,0,,,,,?,139.1,timeout
TIC 423388664,29.0917,-2.3985,9.39,0,,,,,1,2.6,ok
TIC 170805330,69.95,-33.8275,9.39,0,,,,,1,2.5,ok
TIC 38464717,55.0819,-11.3328,9.39,0,,,,,1,16.6,ok
TIC 302378519,32.6314,-16.1164,9.39,0,,,,,2,5.3,ok
TIC 71091056,66.73,-15.4697,9.4,0,,,,,2,5.0,ok
TIC 117739806,96.2041,-31.8645,9.4,1,5.6195,11.3,a_verifier,,2,6.2,ok
TIC 632499595,24.7817,-17.9459,9.4,0,,,,,2,5.3,ok
TIC 100656225,87.128,-31.7687,9.4,0,,16.8,rejete,variabilite_continue;eclipse_secondaire,2,5.8,ok
TIC 169529956,77.9822,-15.8863,9.4,0,,,,,2,4.4,ok
TIC 266680732,28.2995,-21.0948,9.41,0,,,,,3,7.0,ok
TIC 268862124,34.2644,-20.9572,9.41,0,,,,,3,6.7,ok
TIC 93055873,84.4029,-18.4893,9.41,0,,,,,0,8.9,aucune_donnee
TIC 122686574,42.4176,-30.4702,9.41,0,,,,,4,8.8,ok
TIC 89255612,58.5742,-27.4502,9.41,0,,,,,1,2.8,ok
TIC 128323027,117.9075,-26.1928,9.41,0,,,,,3,6.4,ok
TIC 201465679,92.493,-35.7571,9.41,0,,,,,4,8.8,ok
TIC 206714474,54.7501,-14.9659,9.42,0,,,,,2,4.3,ok
TIC 47913068,98.4213,-22.6959,9.42,0,,,,,1,2.5,ok
TIC 178365532,62.0841,-18.6244,9.42,0,,,,,2,4.6,ok
TIC 168703410,62.0819,-30.1159,9.42,0,,,,,0,6.4,aucune_donnee
TIC 423397343,31.3615,-9.0391,9.42,0,,,,,3,7.6,ok
TIC 96658265,104.7614,-32.1314,9.42,0,,,,,0,11.9,aucune_donnee
TIC 117771685,96.6246,-32.2404,9.42,0,,,,,3,6.3,ok
TIC 46626635,85.0513,-15.7946,9.42,0,,,,,2,5.3,ok
TIC 164775038,27.1,-18.6819,9.43,0,,,,,0,5.3,aucune_donnee
TIC 123730099,90.0104,-20.4027,9.43,0,,,,,0,14.0,aucune_donnee
TIC 79292541,104.0557,-20.0525,9.43,1,2.2752,21.6,rejete,variabilite_continue;eclipse_secondaire,2,7.0,ok
TIC 144516268,50.622,-25.0317,9.43,0,,,,,0,5.1,aucune_donnee
TIC 31472579,83.8955,-25.9774,9.43,0,,,,,0,29.4,aucune_donnee
TIC 122610285,40.6547,-29.8902,9.44,0,,,,,5,11.2,ok
TIC 289720014,36.1218,-16.3969,9.44,0,,,,,0,7.3,aucune_donnee
TIC 241765429,27.0419,-4.3226,9.44,0,,,,,2,5.2,ok
TIC 92281984,50.4925,-18.8167,9.44,0,,,,,1,2.6,ok
TIC 121156812,58.0997,-22.8805,9.45,0,,,,,1,2.6,ok
TIC 439459097,19.519,-23.7421,9.45,0,,,,,1,3.1,ok
TIC 408110461,32.7078,-7.6848,9.45,0,,,,,2,5.5,ok
TIC 143103732,89.2285,-34.6587,9.45,0,,,,,2,4.9,ok
TIC 33490300,25.9324,-27.0054,9.45,0,,,,,0,3.3,aucune_donnee
TIC 122559155,39.8254,-31.234,9.45,0,,,,,4,8.8,ok
TIC 178858648,66.8505,-27.9354,9.45,0,,26.5,rejete,compagnon_trop_gros_2.9Rjup,4,11.8,ok
TIC 206712210,54.5366,-12.9463,9.45,0,,,,,2,4.5,ok
TIC 192790077,82.1108,-38.1862,9.45,0,,,,,6,12.8,ok
TIC 114956601,72.8862,-14.2379,9.46,0,,,,,0,9.2,aucune_donnee
TIC 241765538,26.9649,-1.8202,9.46,0,,,,,3,7.0,ok
TIC 164767175,26.209,-18.4017,9.46,0,,,,,3,8.7,ok
TIC 108469925,112.2826,-24.7731,9.46,0,,,,,0,18.8,aucune_donnee
TIC 257482141,30.3987,-16.1672,9.46,0,,,,,3,7.6,ok
TIC 299133742,21.9033,-7.5925,9.46,0,,,,,1,3.3,ok
TIC 268854345,33.4317,-20.3136,9.46,0,,,,,3,6.7,ok
TIC 178946024,68.6765,-29.3004,9.46,0,,,,,2,6.0,ok
TIC 121050814,56.3024,-23.9196,9.46,0,,,,,2,4.3,ok
TIC 406473079,47.1514,-14.303,9.46,0,,,,,2,4.2,ok
TIC 60001458,94.7928,-21.7434,9.47,0,,,,,0,3.8,aucune_donnee
TIC 201391310,92.1411,-34.0487,9.47,0,,,,,4,9.3,ok
TIC 686046498,66.5492,-34.7036,9.47,0,,,,,3,7.1,ok
TIC 255752409,81.4475,-18.6615,9.48,0,,,,,0,8.5,aucune_donnee
TIC 425141270,44.3685,-10.279,9.48,0,,,,,1,3.0,ok
TIC 178285451,60.5235,-23.7004,9.48,0,,,,,3,6.7,ok
TIC 34525148,95.4477,-16.9216,9.48,0,,,,,0,3.0,aucune_donnee
TIC 81745089,107.1316,-23.7029,9.48,0,,,,,0,5.0,aucune_donnee
TIC 29919341,24.8846,-7.3948,9.48,0,,,,,1,3.5,ok
TIC 142943588,52.9397,-34.6197,9.48,0,,,,,3,6.8,ok
TIC 59995049,94.671,-20.2471,9.48,0,,,,,1,2.7,ok
TIC 439469225,20.8511,-20.3199,9.48,0,,,,,2,5.0,ok
TIC 168832753,64.29,-32.6479,9.48,0,,,,,0,3.2,aucune_donnee
TIC 257395987,34.8436,-18.0752,9.48,0,,,,,2,5.2,ok
TIC 117740570,96.2267,-30.8545,9.48,0,,,,,2,4.4,ok
TIC 33419790,87.4027,-21.2397,9.49,0,,,,,3,6.7,ok
TIC 25001026,29.9792,-6.8809,9.49,0,,,,,0,3.8,aucune_donnee
TIC 332827591,34.1066,-5.1965,9.49,0,,,,,0,6.1,aucune_donnee
TIC 389835310,77.9666,-19.0273,9.49,0,,,,,0,11.0,aucune_donnee
TIC 120917477,37.2106,-28.0705,9.49,0,,,,,3,6.6,ok
TIC 33549166,27.7311,-26.6147,9.49,0,,,,,1,2.5,ok
TIC 89257074,58.7916,-27.6248,9.5,0,,,,,2,4.3,ok
TIC 149862090,63.1145,-18.0844,9.51,0,,,,,1,2.9,ok
TIC 36728925,40.3235,-7.8872,9.51,0,,,,,1,2.7,ok
TIC 60170155,95.2076,-18.1842,9.51,0,,,,,0,3.7,aucune_donnee
TIC 268687866,17.8977,-18.9093,9.51,0,,,,,3,6.7,ok
TIC 117772851,69.5885,-16.2941,9.51,0,,,,,2,5.6,ok
TIC 13064883,75.8117,-25.3781,9.51,0,,,,,1,3.0,ok
TIC 93506702,87.3172,-20.0822,9.51,0,,,,,1,2.9,ok
TIC 28093086,13.9717,-20.8565,9.51,0,,,,,1,2.7,ok
TIC 178922528,68.0494,-26.0369,9.51,0,,,,,2,4.6,ok
TIC 178351430,61.6636,-21.1966,9.51,0,,,,,0,4.9,aucune_donnee
TIC 268638121,16.9415,-22.4284,9.51,0,,,,,3,6.8,ok
TIC 65291058,38.3837,-28.8811,9.51,0,,,,,1,3.7,ok
TIC 266787789,30.5427,-23.4996,9.52,0,,,,,0,5.1,aucune_donnee
TIC 332822254,33.8942,-5.0672,9.52,0,,,,,0,1.7,aucune_donnee
TIC 146440771,75.7724,-19.241,9.52,0,,,,,0,24.5,aucune_donnee
TIC 70912316,64.5443,-13.9756,9.52,0,,,,,1,2.9,ok
TIC 325707564,56.7168,-27.3058,9.53,0,,,,,2,4.4,ok
TIC 167456499,17.4375,-13.0314,9.53,0,,,,,1,2.5,ok
TIC 201431708,92.5791,-31.8668,9.53,0,,,,,1,2.7,ok
TIC 279483226,58.6143,-15.8039,9.53,0,,,,,3,6.4,ok
TIC 72669052,33.459,-26.4179,9.53,0,,,,,3,7.0,ok
TIC 166933737,60.2727,-34.7193,9.53,0,,,,,2,4.6,ok
TIC 423724696,23.0216,-13.2013,9.53,0,,,,,0,3.4,aucune_donnee
TIC 229078338,63.4957,-23.8727,9.54,0,,,,,2,4.5,ok
TIC 32546750,84.6574,-28.0981,9.54,0,,,,,3,7.1,ok
TIC 140209922,84.7054,-35.492,9.54,0,,,,,6,13.2,ok
TIC 170635351,66.4764,-34.439,9.54,0,,,,,3,7.6,ok
TIC 319362782,61.9792,-14.8814,9.54,0,,,,,2,4.5,ok
TIC 77742860,77.354,-34.7582,9.55,0,,,,,3,7.3,ok
TIC 100663923,87.2809,-35.0947,9.55,0,,,,,6,12.5,ok
TIC 299136425,22.0513,-10.197,9.55,0,,,,,0,2.9,aucune_donnee
TIC 149859965,62.8387,-19.7999,9.55,0,,,,,1,3.0,ok
TIC 266854868,31.2388,-22.5889,9.55,0,,,,,3,6.7,ok
TIC 686502910,62.4154,-16.885,9.55,0,,,,,1,2.6,ok
TIC 32874669,87.2776,-27.5654,9.55,0,,,,,4,8.8,ok
TIC 139553214,64.4507,-19.8832,9.55,0,,,,,1,2.8,ok
TIC 121106074,57.6449,-22.602,9.55,0,,,,,0,5.1,aucune_donnee
TIC 60118867,95.2183,-23.5795,9.56,0,,,,,1,2.9,ok
TIC 78055898,80.4461,-33.1345,9.56,0,,,,,3,6.6,ok
TIC 29958206,41.9297,-12.6611,9.56,0,,,,,2,4.6,ok
TIC 142866275,50.6934,-33.3316,9.56,0,,,,,1,2.7,ok
TIC 37497171,92.6193,-25.8924,9.56,0,,,,,3,6.8,ok
TIC 120916680,37.1819,-25.2791,9.56,0,,,,,3,6.8,ok
TIC 250437610,32.1631,-4.2638,9.57,0,,,,,1,3.1,ok
TIC 1129974,37.3516,-11.4023,9.57,0,,,,,1,2.8,ok
TIC 34142387,94.3971,-15.5893,9.57,0,,,,,0,4.1,aucune_donnee
TIC 66554315,17.2882,-12.4239,9.58,0,,,,,1,3.2,ok
TIC 441516725,48.9432,-13.9665,9.58,0,,,,,0,2.5,aucune_donnee
TIC 1127571,36.9807,-10.4629,9.58,0,,,,,3,6.9,ok
TIC 167457145,17.4907,-15.4594,9.59,0,,,,,3,7.3,ok
TIC 406499347,70.9109,-20.0368,9.59,0,,,,,1,3.3,ok
TIC 72588215,31.4276,-26.0496,9.59,0,,,,,0,9.3,aucune_donnee
TIC 65399272,40.5518,-24.6606,9.59,0,,,,,3,7.2,ok
TIC 10862652,25.8747,-8.4115,9.59,0,,,,,0,7.8,aucune_donnee
TIC 168850347,64.8367,-31.7866,9.59,0,,,,,2,4.5,ok
TIC 24927235,28.2884,-6.2851,9.59,0,,,,,1,3.0,ok
TIC 122506840,38.5165,-30.5607,9.59,0,,,,,4,8.7,ok
TIC 229081981,68.6345,-20.271,9.6,0,,,,,?,1012.3,timeout
TIC 250415097,31.4192,-4.2482,9.6,0,,,,,?,139.6,timeout
TIC 189013224,79.1022,-15.5103,9.6,0,,,,,3,7.0,ok
TIC 266787143,30.5776,-18.8982,9.6,0,,,,,3,7.3,ok
TIC 268637449,16.8949,-18.2851,9.6,0,,,,,2,5.3,ok
TIC 70599318,60.8177,-12.5834,9.6,0,,,,,2,5.0,ok
TIC 142959260,53.3061,-30.5125,9.6,0,,,,,0,4.6,aucune_donnee
TIC 36876709,43.1924,-10.5641,9.61,0,,,,,2,4.9,ok
TIC 137884731,48.5532,-19.696,9.61,0,,,,,2,4.5,ok
TIC 112417393,112.1167,-31.4229,9.61,0,,,,,1,2.8,ok
TIC 31406847,83.747,-29.9009,9.61,0,,,,,5,10.7,ok
TIC 146379600,74.8838,-19.295,9.61,0,,,,,0,12.5,aucune_donnee
TIC 24623618,84.1413,-31.6362,9.61,0,,,,,3,7.1,ok
TIC 209450490,45.7375,-30.95,9.61,0,,,,,1,3.1,ok
TIC 124128680,92.1933,-18.0484,9.61,0,,,,,1,2.8,ok
TIC 88409174,45.7103,-26.2338,9.62,0,,,,,1,2.5,ok
TIC 93508504,87.3032,-23.1115,9.62,0,,,,,3,7.1,ok
TIC 241577459,25.6859,-2.6546,9.62,0,,,,,4,8.8,ok
TIC 117938087,71.5181,-15.3435,9.62,0,,,,,1,3.1,ok
TIC 71373798,45.6617,-18.1651,9.62,0,,,,,2,4.1,ok
TIC 124381332,93.0174,-20.9108,9.62,0,,,,,2,5.0,ok
TIC 124122562,91.9277,-23.0664,9.62,0,,,,,1,2.7,ok
TIC 170751520,68.3796,-33.1142,9.62,0,,,,,5,10.9,ok
TIC 178350442,61.5224,-19.2949,9.63,0,,,,,1,2.5,ok
TIC 1129033,37.1558,-7.0607,9.63,0,,,,,?,142.9,timeout
TIC 97468416,23.9199,-24.119,9.63,0,,,,,?,138.2,timeout
TIC 257485190,30.791,-15.1528,9.63,0,,,,,1,2.8,ok
TIC 124690096,93.878,-35.6738,9.63,0,,,,,1,2.6,ok
TIC 178347778,61.294,-19.5021,9.63,0,,,,,3,6.4,ok
TIC 229080275,68.4518,-20.4877,9.63,0,,,,,1,2.9,ok
TIC 65344233,39.1944,-25.7025,9.63,0,,,,,2,5.3,ok
TIC 398841751,78.5734,-23.2109,9.63,0,,,,,1,3.1,ok
TIC 266747196,29.4537,-18.2379,9.63,0,,,,,0,2.5,aucune_donnee
TIC 164696364,25.0341,-23.3422,9.64,0,,,,,0,6.6,aucune_donnee
TIC 144497481,49.8423,-26.8601,9.64,0,,,,,1,2.7,ok
TIC 64071894,39.1367,-22.2449,9.64,0,,,,,4,8.8,ok
TIC 705707823,94.7218,-32.2011,9.64,0,,,,,1,13.5,ok
TIC 124318745,92.9079,-20.3871,9.64,0,,,,,2,4.4,ok
TIC 153213075,90.0201,-29.1317,9.65,0,,,,,3,6.6,ok
TIC 33466447,25.3845,-24.8977,9.65,0,,,,,1,3.4,ok
TIC 332862539,34.5524,-4.9716,9.65,0,,,,,0,8.2,aucune_donnee
TIC 160329609,91.2175,-34.5574,9.65,0,,,,,5,11.2,ok
TIC 332819723,33.5799,-5.4159,9.65,0,,,,,0,4.6,aucune_donnee
TIC 389855767,77.9591,-18.4274,9.65,0,,,,,2,5.4,ok
TIC 121594628,69.8139,-20.1059,9.66,0,,,,,1,3.2,ok
TIC 144601033,53.3107,-24.504,9.66,0,,,,,0,6.7,aucune_donnee
TIC 37606355,93.3054,-27.7016,9.67,0,,,,,3,6.7,ok
TIC 88465902,46.7912,-26.4104,9.67,0,,,,,1,3.2,ok
TIC 29853538,23.9689,-6.0932,9.67,0,,,,,0,8.0,aucune_donnee
TIC 250437870,32.2214,-5.7766,9.68,0,,,,,0,4.6,aucune_donnee
TIC 71108915,66.9166,-17.794,9.68,0,,,,,1,3.0,ok
TIC 332697417,63.2894,-14.6493,9.68,0,,,,,2,4.8,ok
TIC 425139078,44.0041,-11.321,9.68,0,,,,,1,2.6,ok
TIC 170634116,66.3709,-30.6004,9.68,0,,12.0,rejete,variabilite_continue,4,11.0,ok
TIC 93125144,84.8466,-19.5585,9.68,0,,,,,3,6.2,ok
TIC 139446032,80.6523,-20.0407,9.68,0,,,,,0,9.5,aucune_donnee
TIC 268637115,16.8001,-19.5935,9.68,0,,,,,3,7.1,ok
TIC 72747413,34.5604,-29.7264,9.68,0,,,,,0,2.9,aucune_donnee
TIC 29939923,25.1188,-16.1095,9.69,0,,,,,3,6.8,ok
TIC 398910458,79.3003,-22.0863,9.69,0,,,,,1,2.5,ok
TIC 442930946,80.9638,-16.8862,9.69,0,,,,,0,10.7,aucune_donnee
TIC 209404571,44.6354,-30.2985,9.69,0,,,,,1,3.1,ok
TIC 299136528,22.1246,-9.7951,9.69,0,,,,,0,4.7,aucune_donnee
TIC 178215912,58.9032,-21.8354,9.69,0,,,,,1,2.7,ok
TIC 100611936,87.0271,-35.7796,9.7,0,,,,,6,12.2,ok
TIC 139751362,67.4811,-19.2589,9.7,0,,,,,2,5.4,ok
TIC 1519402,75.4353,-33.2411,9.7,0,,,,,2,5.2,ok
TIC 88346010,44.1864,-27.0279,9.7,0,,,,,0,2.3,aucune_donnee
TIC 89183762,56.2511,-25.5896,9.7,0,,,,,0,1.5,aucune_donnee
TIC 201494036,92.8903,-34.3729,9.7,0,,,,,1,3.4,ok
TIC 168697884,61.6545,-34.6371,9.7,0,,,,,3,6.2,ok
TIC 302384263,33.0792,-13.5123,9.7,1,3.3542,28.9,rejete,variabilite_continue,3,9.2,ok
TIC 266788465,30.6672,-19.5772,9.7,0,,,,,2,5.5,ok
TIC 34527755,95.5753,-16.6268,9.7,0,,,,,1,3.1,ok
TIC 439458950,19.2713,-23.2379,9.71,0,,,,,1,3.1,ok
TIC 241713534,26.6047,-2.3985,9.71,0,,,,,2,5.1,ok
TIC 248956659,21.6822,-2.9483,9.71,0,,,,,1,2.9,ok
TIC 32553491,84.6275,-24.0873,9.71,0,,,,,0,10.8,aucune_donnee
TIC 88404851,45.2823,-26.6779,9.71,0,,,,,1,3.4,ok
TIC 29846229,23.4842,-9.5884,9.71,0,,,,,0,7.5,aucune_donnee
TIC 123900424,90.9136,-20.9995,9.71,0,,,,,1,3.7,ok
TIC 212375566,26.6451,-16.6353,9.71,0,,,,,3,6.8,ok
TIC 95329698,90.6838,-17.5916,9.71,0,,,,,1,2.8,ok
TIC 10863451,25.9909,-8.2312,9.71,0,,,,,0,70.0,aucune_donnee
TIC 166831961,58.2757,-30.1356,9.71,0,,,,,2,4.7,ok
TIC 33007071,88.0714,-27.4887,9.72,0,,,,,1,20.6,ok
TIC 420963002,82.0811,-19.652,9.72,0,,,,,2,4.6,ok
TIC 121009802,55.6099,-21.1175,9.72,0,,,,,0,8.8,aucune_donnee
TIC 89149400,55.8491,-26.3548,9.72,0,,,,,0,1.8,aucune_donnee
TIC 139575826,64.5443,-23.4137,9.72,0,,,,,1,2.9,ok
TIC 10787001,20.0862,-10.4375,9.72,0,,,,,1,3.2,ok
TIC 266716587,28.508,-18.0845,9.73,0,,,,,2,5.2,ok
TIC 92305469,50.9046,-23.4263,9.73,0,,,,,0,2.9,aucune_donnee
TIC 204612861,41.5161,-18.8868,9.73,0,,,,,2,5.7,ok
TIC 117672704,68.3684,-15.286,9.73,0,,,,,3,6.8,ok
TIC 65910228,108.7148,-29.4307,9.73,0,,,,,2,5.0,ok
TIC 279343302,35.6243,-21.2582,9.73,0,,,,,4,8.6,ok
TIC 10839075,25.2416,-8.7605,9.73,0,,,,,0,8.4,aucune_donnee
TIC 24955437,29.2481,-6.9719,9.74,0,,,,,0,2.5,aucune_donnee
TIC 139525822,36.4568,-26.3094,9.74,0,,,,,2,5.1,ok
TIC 290178137,32.608,-13.1326,9.74,0,,,,,2,5.2,ok
TIC 1357036,73.7973,-30.0143,9.74,0,,,,,3,7.0,ok
TIC 88465923,46.8046,-26.479,9.75,0,,,,,1,3.1,ok
TIC 167673218,79.785,-37.6752,9.75,1,9.0045,10.8,rejete,compagnon_trop_gros_4.3Rjup,2,7.0,ok
TIC 398779664,72.1655,-21.5012,9.75,0,,,,,2,4.8,ok
TIC 71469167,47.8014,-22.1182,9.75,0,,,,,2,4.3,ok
TIC 124230319,92.5497,-23.7446,9.75,0,,,,,0,10.0,aucune_donnee
TIC 170699294,67.8989,-30.9532,9.75,0,,,,,4,10.6,ok
TIC 209463181,47.3146,-30.7149,9.76,0,,,,,1,3.7,ok
TIC 141306824,45.1132,-9.6669,9.76,0,,,,,0,1.6,aucune_donnee
TIC 21650201,87.4865,-36.2596,9.76,0,,,,,4,9.6,ok
TIC 380883019,15.385,-17.0539,9.77,0,,,,,3,8.0,ok
TIC 442926121,80.823,-17.1939,9.77,0,,,,,0,15.5,aucune_donnee
TIC 92880889,83.2533,-20.3769,9.77,0,,,,,3,7.9,ok
TIC 257644579,71.4513,-36.2627,9.77,0,,,,,5,11.9,ok
TIC 65399266,40.6377,-24.6903,9.78,0,,,,,1,3.4,ok
TIC 287203778,29.1311,-7.1314,9.78,0,,,,,0,2.3,aucune_donnee
TIC 92878753,83.1221,-20.7258,9.78,0,,,,,3,7.1,ok
TIC 44792534,61.941,-25.2089,9.78,1,3.6848,11.8,rejete,variabilite_continue,1,4.2,ok
TIC 168846353,64.3964,-34.0745,9.78,0,,,,,0,11.4,aucune_donnee
TIC 97507465,44.3821,-20.799,9.78,0,,,,,2,4.8,ok
TIC 306362880,91.0797,-16.7697,9.78,0,,,,,1,3.8,ok
TIC 52386300,100.0237,-30.5524,9.78,0,,,,,0,13.0,aucune_donnee
TIC 143337397,82.1511,-17.154,9.78,0,,,,,1,3.4,ok
TIC 146343623,74.3552,-19.6666,9.79,0,,,,,0,8.7,aucune_donnee
TIC 47911178,98.3511,-23.486,9.79,0,,14.8,a_verifier,,2,6.0,ok
TIC 170699118,67.8735,-30.3197,9.79,0,,,,,3,6.2,ok
TIC 49614743,95.4189,-29.5628,9.79,0,,,,,2,4.2,ok
TIC 302515452,35.1684,-15.2462,9.79,0,,,,,2,5.0,ok
TIC 708626263,84.8353,-17.8672,9.8,0,,,,,0,8.6,aucune_donnee
TIC 33599164,88.3034,-23.2103,9.8,0,,,,,0,13.2,aucune_donnee
TIC 398717543,31.8994,-6.0451,9.8,0,,,,,0,3.9,aucune_donnee
TIC 706477339,88.0717,-27.4886,9.8,0,,,,,1,2.6,ok
TIC 44797824,62.4542,-26.0222,9.8,0,,,,,3,6.3,ok
TIC 29999300,42.5373,-12.0461,9.81,0,,,,,0,1.0,aucune_donnee
TIC 178805087,66.0479,-23.943,9.81,0,,,,,3,6.4,ok
TIC 268687248,17.7811,-21.1137,9.81,0,,,,,3,6.6,ok
TIC 442932094,81.0499,-16.4523,9.81,0,,,,,0,5.1,aucune_donnee
TIC 120977229,54.8823,-23.5122,9.81,0,,,,,0,1.7,aucune_donnee
TIC 168752359,62.8586,-33.347,9.82,0,,,,,0,2.2,aucune_donnee
TIC 146308953,73.6999,-19.5518,9.82,0,,,,,0,6.6,aucune_donnee
TIC 35649892,23.3798,-3.5152,9.82,0,,,,,2,5.4,ok
TIC 71446265,47.5388,-23.3531,9.82,0,,,,,2,4.5,ok
TIC 121648145,72.7421,-19.7242,9.82,0,,,,,0,7.1,aucune_donnee
TIC 93121813,53.4808,-13.4919,9.82,0,,,,,1,3.4,ok
TIC 65481265,42.744,-26.8448,9.83,0,,,,,2,5.8,ok
TIC 32641602,85.419,-26.1651,9.83,0,,,,,0,37.0,aucune_donnee
TIC 302457612,33.8344,-13.0163,9.83,0,,,,,3,7.1,ok
TIC 93242735,85.9534,-22.6811,9.83,0,,,,,1,4.0,ok
TIC 123726611,89.9394,-21.9609,9.83,0,,,,,3,7.1,ok
TIC 142929481,52.0536,-31.8232,9.83,0,,,,,1,2.6,ok
TIC 166871595,59.3046,-34.9673,9.83,0,,,,,1,2.5,ok
TIC 20296856,90.8164,-37.9551,9.83,0,,,,,3,7.0,ok
TIC 143276693,90.9462,-32.1929,9.83,0,,,,,1,3.0,ok
TIC 231314747,93.4832,-33.436,9.83,0,,,,,3,6.9,ok
TIC 33043657,88.2815,-27.513,9.83,0,,,,,1,3.9,ok
TIC 317094355,86.6948,-16.3791,9.84,0,,,,,2,4.8,ok
TIC 30927555,79.2288,-24.1326,9.84,0,,,,,2,4.5,ok
TIC 137885896,48.7347,-23.1167,9.85,0,,,,,0,3.0,aucune_donnee
TIC 123898871,90.916,-19.0408,9.85,0,,,,,3,6.8,ok
TIC 168633690,60.6427,-30.1336,9.85,0,,,,,3,6.6,ok
TIC 117649333,68.1813,-15.3364,9.85,0,,,,,2,4.6,ok
TIC 24980658,29.7359,-6.8358,9.85,0,,,,,0,1.8,aucune_donnee
TIC 88379180,44.8575,-29.7912,9.86,0,,,,,3,7.1,ok
TIC 63941626,36.1317,-22.7549,9.86,0,,,,,1,3.2,ok
TIC 37996045,94.6977,-29.2256,9.86,0,,,,,2,4.6,ok
TIC 32551881,20.8929,-13.0431,9.86,0,,,,,2,5.0,ok
TIC 231340919,96.9536,-30.4718,9.86,0,,,,,2,5.0,ok
TIC 4672294,38.4378,-9.5927,9.86,0,,,,,1,4.1,ok
TIC 406448864,31.0903,-6.4431,9.86,0,,,,,0,4.3,aucune_donnee
TIC 146379679,74.7698,-19.5445,9.86,0,,,,,0,21.0,aucune_donnee
TIC 423479251,71.2583,-19.6832,9.86,0,,,,,0,16.8,aucune_donnee
TIC 139702760,66.5827,-20.6128,9.87,0,,,,,1,3.4,ok
TIC 121594672,69.913,-20.2752,9.87,0,,,,,1,3.2,ok
TIC 160180421,79.5698,-17.9405,9.87,0,,,,,3,7.0,ok
TIC 178199994,58.4724,-19.2538,9.88,0,,,,,2,4.6,ok
TIC 88533712,48.7183,-25.6602,9.88,0,,,,,0,4.7,aucune_donnee
TIC 117651099,68.2699,-14.8705,9.88,0,,,,,2,5.6,ok
TIC 299099051,21.0916,-10.765,9.88,0,,,,,0,3.2,aucune_donnee
TIC 10837798,20.9485,-10.7211,9.88,0,,,,,0,2.8,aucune_donnee
TIC 77700459,76.4663,-34.5128,9.89,0,,,,,2,6.3,ok
TIC 37995672,94.7996,-28.696,9.89,0,,,,,2,5.7,ok
TIC 88533137,48.5335,-25.7774,9.9,0,,,,,0,1.6,aucune_donnee
TIC 49079670,101.0716,-23.8191,9.9,0,,,,,2,4.6,ok
TIC 65323949,38.6892,-24.3319,9.9,0,,,,,3,7.2,ok
TIC 170729775,67.9844,-34.4557,9.9,0,,,,,3,7.1,ok
TIC 77340485,71.1884,-37.2439,9.9,0,,,,,0,7.4,aucune_donnee
TIC 332912852,35.366,-4.7923,9.9,0,,,,,0,2.1,aucune_donnee
TIC 146466486,76.0513,-19.2536,9.9,0,,,,,0,6.6,aucune_donnee
TIC 34187698,94.5345,-17.7236,9.9,0,,,,,2,4.5,ok
TIC 31054498,80.5088,-25.7224,9.9,0,,,,,?,273.0,timeout
TIC 166790639,57.7597,-29.9616,9.91,0,,,,,?,137.0,timeout
TIC 139470998,35.5765,-25.5982,9.91,0,,,,,2,4.7,ok
TIC 34729329,96.0698,-17.0535,9.92,0,,,,,1,2.5,ok
TIC 319362976,61.917,-13.9783,9.92,0,,,,,2,4.9,ok
TIC 167452139,33.3963,-11.6485,9.92,0,,,,,3,6.9,ok
TIC 178287683,60.6787,-22.9588,9.92,0,,,,,2,4.5,ok
TIC 66554276,17.2884,-12.291,9.92,0,,,,,0,2.9,aucune_donnee
TIC 250415524,31.6154,-5.1096,9.92,0,,,,,1,2.5,ok
TIC 60292441,95.6852,-21.6556,9.93,0,,,,,2,4.5,ok
TIC 257516892,45.8191,-18.9511,9.93,0,,,,,2,4.4,ok
TIC 92250588,49.5159,-19.7373,9.93,0,,,,,0,4.1,aucune_donnee
TIC 29996322,42.3397,-15.5459,9.93,0,,,,,0,2.4,aucune_donnee
TIC 33992208,94.027,-17.976,9.93,0,,,,,2,4.8,ok
TIC 266784171,29.9879,-22.5272,9.94,0,,,,,2,4.3,ok
TIC 442926120,80.8215,-17.1949,9.94,0,,,,,0,11.2,aucune_donnee
TIC 71336320,43.4337,-27.2519,9.95,0,,,,,0,2.4,aucune_donnee
TIC 173088921,102.439,-28.988,9.95,0,,,,,3,6.7,ok
TIC 60483371,96.2764,-18.1286,9.96,0,,,,,0,8.7,aucune_donnee
TIC 88533708,48.6675,-25.6199,9.96,0,,,,,0,5.5,aucune_donnee
TIC 248988295,23.1279,-3.8973,9.96,0,,,,,4,9.0,ok
TIC 295947393,109.0444,-17.4531,9.96,0,,,,,1,2.7,ok
TIC 59849775,94.2602,-18.8451,9.96,0,,,,,0,14.6,aucune_donnee
TIC 706414396,84.8935,-25.1484,9.96,0,,,,,2,21.5,ok
TIC 143204216,90.1665,-30.4716,9.96,0,,,,,0,69.5,aucune_donnee
TIC 1098952,35.9037,-10.9375,9.96,0,,,,,1,3.4,ok
TIC 97486178,43.8123,-20.7812,9.97,0,,,,,1,2.6,ok
TIC 146436761,75.4433,-19.6431,9.98,0,,,,,0,41.5,aucune_donnee
TIC 268751602,31.566,-19.124,9.98,0,,,,,3,7.2,ok
TIC 92343750,51.0774,-19.2761,9.98,0,,,,,1,3.2,ok
TIC 65347634,39.7141,-28.1751,9.99,0,,,,,1,4.4,ok
TIC 229081971,68.6315,-20.3195,9.99,0,,,,,1,3.1,ok
TIC 146324446,74.1163,-19.6282,9.99,0,,,,,0,42.0,aucune_donnee
TIC 257499602,31.0377,-12.8643,9.99,0,,,,,2,6.7,ok
TIC 32552492,20.9713,-14.8778,9.99,0,,,,,3,8.4,ok
TIC 35649890,23.3812,-3.5157,9.99,0,,,,,2,6.9,ok
TIC 94986392,81.8067,-14.4831,9.99,0,,,,,0,16.5,aucune_donnee
TIC 209450384,45.6961,-30.3594,10.0,0,,,,,3,8.2,ok
TIC 121644315,72.5447,-20.0093,10.0,0,,,,,1,3.4,ok
TIC 60526329,96.4873,-18.4491,10.0,0,,,,,0,6.3,aucune_donnee
TIC 10879912,26.2083,-8.0963,10.0,0,,,,,1,3.6,ok
TIC 143376069,82.6878,-15.4059,10.0,0,,,,,4,9.0,ok
TIC 167440233,26.5656,-8.1135,10.0,0,,,,,0,6.5,aucune_donnee
TIC 32705970,86.0559,-26.1043,10.0,0,,,,,1,2.6,ok
TIC 299099096,21.0828,-10.5147,10.0,0,,,,,0,10.4,aucune_donnee
TIC 170766490,68.7119,-35.7892,10.01,0,,,,,5,12.4,ok
TIC 88523584,47.9526,-25.7637,10.01,0,,,,,0,8.2,aucune_donnee
TIC 121714456,73.2641,-19.6172,10.01,0,,,,,0,32.0,aucune_donnee
TIC 250417875,31.8097,-5.2217,10.01,0,,,,,2,5.2,ok
TIC 1167538,70.9976,-31.9067,10.01,0,,,,,4,9.8,ok
TIC 146520135,76.6246,-19.0511,10.02,0,,,,,0,27.7,aucune_donnee
TIC 322685727,99.2183,-28.2184,10.03,0,,,,,3,7.0,ok
TIC 121104034,57.5069,-22.6364,10.03,0,,,,,0,3.3,aucune_donnee
TIC 10929818,26.4856,-7.9065,10.03,0,,,,,1,4.0,ok
TIC 178952975,69.1678,-27.3565,10.04,0,,,,,2,5.7,ok
TIC 66572840,37.6624,-12.8983,10.04,0,,,,,2,5.2,ok
TIC 160379154,91.6971,-31.7469,10.04,0,,,,,2,5.1,ok
TIC 117819216,96.8259,-31.2516,10.04,0,,,,,3,6.6,ok
TIC 147977348,99.7346,-36.6461,10.04,0,,,,,?,1025.5,timeout
TIC 139826978,68.2859,-20.232,10.04,0,,,,,1,3.4,ok
TIC 404477181,37.3657,-12.5418,10.04,0,,,,,2,5.0,ok
TIC 37438630,92.3925,-27.0416,10.04,0,,,,,2,37.4,ok
TIC 97165413,106.0009,-35.1814,10.04,1,1.2716,35.7,rejete,variabilite_continue;eclipse_secondaire,2,6.6,ok
TIC 20209536,90.3499,-36.7812,10.05,0,,,,,3,7.2,ok
TIC 59842822,94.0277,-21.2796,10.05,0,,,,,1,2.6,ok
TIC 47642257,97.4871,-18.8208,10.05,0,,,,,0,8.3,aucune_donnee
TIC 259353953,113.9608,-15.4995,10.06,0,,,,,3,6.6,ok
TIC 100725810,87.9477,-34.5212,10.06,0,,,,,6,12.5,ok
TIC 24450869,82.2357,-33.4712,10.06,0,,,,,4,8.2,ok
TIC 66606102,38.3123,-13.9779,10.06,0,,,,,3,7.1,ok
TIC 139552250,64.4142,-20.1016,10.06,0,,,,,0,18.8,aucune_donnee
TIC 13221735,77.4927,-24.0836,10.06,0,,,,,2,5.3,ok
TIC 268529700,14.489,-21.4195,10.07,0,,,,,0,2.6,aucune_donnee
TIC 250383689,29.8311,-4.2761,10.07,0,,,,,1,3.2,ok
TIC 48622143,96.7918,-25.3486,10.07,0,,,,,0,5.6,aucune_donnee
TIC 121005923,55.2203,-22.5225,10.07,0,,,,,1,2.6,ok
TIC 89146810,55.7146,-28.6451,10.07,0,,,,,1,2.6,ok
TIC 1273249,72.6749,-31.2751,10.07,0,,,,,2,4.5,ok
TIC 124026958,91.5998,-23.3456,10.07,0,,,,,3,6.8,ok
TIC 117764305,69.6461,-17.9456,10.07,0,,,,,2,5.4,ok
TIC 121564843,69.0277,-20.2944,10.07,0,,,,,1,3.0,ok
TIC 319312479,61.7795,-13.7668,10.07,1,1.7908,11.7,rejete,variabilite_continue;eclipse_secondaire,1,3.9,ok
TIC 142930629,52.2267,-34.5704,10.07,0,,,,,1,3.3,ok
TIC 44669809,59.871,-28.5571,10.07,0,,,,,2,4.5,ok
TIC 209460934,46.9368,-31.5748,10.08,0,,,,,1,3.2,ok
TIC 121596764,69.9544,-20.067,10.08,0,,,,,0,6.8,aucune_donnee
TIC 34320767,95.0807,-16.717,10.08,0,,,,,1,2.9,ok
TIC 123933290,91.3072,-22.7529,10.08,0,,,,,3,7.0,ok
TIC 142929929,52.1557,-30.6647,10.08,0,,,,,0,1.7,aucune_donnee
TIC 188987821,78.6625,-17.2191,10.08,0,,,,,0,14.2,aucune_donnee
TIC 439404052,18.2532,-14.2678,10.08,0,,,,,2,5.1,ok
TIC 144598273,53.0358,-27.0975,10.08,0,,,,,0,3.4,aucune_donnee
TIC 142888801,51.936,-34.3944,10.08,0,,,,,1,3.2,ok
TIC 93280091,86.1266,-23.6051,10.08,0,,,,,2,5.5,ok
TIC 88417691,46.168,-29.5591,10.08,0,,,,,1,3.3,ok
TIC 139725412,66.8942,-22.7802,10.09,0,,,,,2,4.8,ok
TIC 201424475,92.27,-32.0863,10.09,0,,,,,1,2.7,ok
TIC 46313350,83.1673,-15.3243,10.09,0,,,,,0,9.4,aucune_donnee
TIC 178153728,42.4526,-31.8216,10.09,0,,,,,1,3.4,ok
TIC 89184343,57.3633,-28.8322,10.09,0,,,,,0,4.6,aucune_donnee
TIC 176833501,49.0304,-32.7206,10.09,0,,,,,2,4.7,ok
TIC 176831589,48.9506,-32.7989,10.09,0,,,,,2,4.8,ok
TIC 142983239,54.0653,-33.2984,10.09,0,,,,,0,1.7,aucune_donnee
TIC 60238709,95.6345,-18.7429,10.09,0,,,,,0,2.3,aucune_donnee
TIC 241711969,26.602,-2.3985,10.09,0,,,,,2,5.5,ok
TIC 44740957,61.199,-29.6459,10.09,0,,,,,0,3.3,aucune_donnee
TIC 398872117,78.9553,-20.893,10.1,0,,,,,1,2.6,ok
TIC 201494128,92.8899,-34.2546,10.1,0,,,,,3,6.8,ok
TIC 144496525,49.795,-27.6622,10.1,0,,,,,0,1.9,aucune_donnee
TIC 100679879,87.4866,-30.67,10.1,0,,,,,3,7.0,ok
TIC 88482163,47.3992,-28.0264,10.1,0,,,,,1,3.2,ok
TIC 88481081,47.2715,-26.1992,10.1,0,,,,,0,4.1,aucune_donnee
TIC 59955531,94.5821,-21.6953,10.1,0,,,,,1,2.7,ok
TIC 124777954,94.3527,-35.3179,10.1,0,,,,,4,8.6,ok
TIC 46639528,85.2965,-15.7983,10.1,0,,,,,0,10.2,aucune_donnee
TIC 398717544,31.9919,-6.044,10.1,0,,,,,0,2.3,aucune_donnee
TIC 142944236,52.8747,-30.9833,10.1,0,,,,,0,3.6,aucune_donnee
TIC 29847429,23.5108,-9.6169,10.1,0,,,,,0,11.1,aucune_donnee
TIC 325707695,56.7897,-26.7027,10.1,0,,,,,0,1.7,aucune_donnee
TIC 63941625,36.1333,-22.7572,10.1,0,,,,,2,5.1,ok
TIC 143028368,54.6089,-31.2807,10.1,0,,,,,0,2.4,aucune_donnee
TIC 168703730,62.0684,-31.4481,10.1,0,,,,,0,4.5,aucune_donnee
TIC 407585633,49.8867,-32.2021,10.1,0,,,,,1,3.2,ok
TIC 279454212,58.4774,-16.9546,10.1,1,5.8806,25.8,rejete,variabilite_continue,3,8.9,ok
TIC 65449725,42.1785,-29.8717,10.1,0,,,,,5,10.3,ok
TIC 589448,71.6506,-29.5206,10.11,0,,,,,2,4.9,ok
TIC 89096196,54.9298,-29.0315,10.11,0,,,,,0,2.8,aucune_donnee
TIC 65291141,38.3057,-29.5107,10.11,0,,,,,2,4.2,ok
TIC 398843556,78.5435,-18.8345,10.11,0,,,,,0,20.5,aucune_donnee
TIC 122669996,42.0043,-32.106,10.11,0,,,,,1,3.5,ok
TIC 123627908,89.2939,-18.6722,10.11,1,5.9038,21.4,rejete,variabilite_continue,2,6.7,ok
TIC 209458577,46.6776,-32.8201,10.11,0,,,,,0,5.4,aucune_donnee
TIC 142944190,52.8495,-31.2023,10.11,0,,,,,0,3.7,aucune_donnee
TIC 91590618,44.2395,-31.686,10.11,0,,,,,1,3.4,ok
TIC 168676751,61.3648,-32.1087,10.11,0,,,,,0,2.3,aucune_donnee
TIC 325691062,56.6452,-28.919,10.11,0,,,,,0,1.7,aucune_donnee
TIC 325688327,56.3733,-27.79,10.11,0,,,,,0,1.9,aucune_donnee
TIC 172407715,100.0135,-23.8908,10.12,0,,,,,0,1.5,aucune_donnee
TIC 44669885,59.8656,-28.948,10.12,0,,,,,0,2.2,aucune_donnee
TIC 88407114,45.4371,-27.3952,10.12,0,,,,,2,4.7,ok
TIC 89094011,54.6985,-28.4629,10.12,0,,,,,0,1.7,aucune_donnee
TIC 332707753,32.4521,-4.8783,10.12,0,,,,,2,5.0,ok
TIC 32603556,85.0152,-27.0732,10.12,0,,,,,0,21.2,aucune_donnee
TIC 37503686,92.7174,-25.0648,10.12,0,,,,,2,4.6,ok
TIC 317922523,89.8413,-15.7687,10.12,0,,,,,0,7.7,aucune_donnee
TIC 33555732,88.4106,-18.8122,10.12,0,,,,,1,3.2,ok
TIC 142976550,53.3869,-30.6229,10.13,0,,,,,2,4.3,ok
TIC 146346263,74.394,-19.8134,10.13,0,,,,,1,3.1,ok
TIC 32553192,21.1336,-16.2402,10.13,0,,,,,3,6.9,ok
TIC 124776236,94.3469,-32.5069,10.13,0,,,,,0,36.0,aucune_donnee
TIC 209456938,46.571,-30.3816,10.13,0,,,,,0,3.0,aucune_donnee
TIC 144653192,54.0603,-26.4331,10.13,0,,,,,0,3.4,aucune_donnee
TIC 88405546,45.3176,-29.2184,10.13,0,,,,,0,4.3,aucune_donnee
TIC 92883092,83.3145,-21.9296,10.13,0,,,,,1,2.9,ok
TIC 209406257,44.7095,-31.5426,10.13,0,,,,,1,3.2,ok
TIC 88507995,47.7487,-27.1176,10.13,0,,,,,1,3.0,ok
TIC 166804425,58.0223,-31.7009,10.13,0,,,,,0,4.4,aucune_donnee
TIC 142982210,53.8254,-33.5992,10.13,0,,,,,1,2.7,ok
TIC 168726600,62.4512,-31.0355,10.13,0,,,,,1,2.5,ok
TIC 317690299,88.7348,-17.0211,10.13,0,,,,,3,6.8,ok
TIC 144464852,49.1866,-26.7995,10.13,0,,,,,1,2.4,ok
TIC 142850880,50.2447,-31.1337,10.14,0,,,,,0,8.2,aucune_donnee
TIC 176777700,47.7787,-32.8905,10.14,0,,,,,1,3.4,ok
TIC 89187590,57.5753,-24.8097,10.14,0,,,,,2,4.3,ok
TIC 168792999,63.8599,-34.2825,10.14,0,,,,,2,4.6,ok
TIC 178198307,43.521,-30.4547,10.14,0,,,,,1,3.0,ok
TIC 166779042,57.4934,-31.3421,10.14,0,,,,,0,3.9,aucune_donnee
TIC 13145983,76.8444,-29.182,10.14,0,,,,,2,4.8,ok
TIC 88417494,46.0517,-28.9967,10.14,0,,,,,0,7.1,aucune_donnee
TIC 29852337,23.7359,-9.3163,10.14,0,,,,,0,9.2,aucune_donnee
TIC 64108432,39.8723,-20.0401,10.14,0,,,,,3,7.1,ok
TIC 44738392,60.9142,-29.3735,10.14,0,,,,,1,2.6,ok
TIC 143043711,55.2843,-29.9211,10.14,0,,,,,1,2.6,ok
TIC 143028954,54.69,-31.4298,10.14,0,,,,,2,4.2,ok
TIC 325688655,56.3764,-29.2516,10.14,0,,,,,0,4.0,aucune_donnee
TIC 142866727,50.6185,-30.3111,10.14,0,,,,,0,3.9,aucune_donnee
TIC 37735833,93.5215,-27.5437,10.14,0,,,,,1,2.7,ok
TIC 168727872,62.5458,-34.6243,10.14,0,,,,,0,7.4,aucune_donnee
TIC 89202985,57.7949,-29.2688,10.14,0,,,,,0,2.3,aucune_donnee
TIC 144597473,52.9157,-28.6584,10.14,0,,,,,0,3.3,aucune_donnee
TIC 31303242,82.8069,-27.1513,10.14,1,3.5282,15.6,rejete,compagnon_trop_gros_2.7Rjup,3,9.6,ok
TIC 44646297,59.353,-28.677,10.15,0,,,,,0,4.2,aucune_donnee
TIC 65484557,43.1507,-28.7696,10.15,0,,,,,4,9.4,ok
TIC 168793083,63.7619,-34.674,10.15,0,,,,,2,4.6,ok
TIC 168784284,62.9889,-31.4985,10.15,0,,,,,0,7.1,aucune_donnee
TIC 92228909,48.9597,-26.0292,10.15,0,,,,,0,3.5,aucune_donnee
TIC 209406184,44.7739,-31.9748,10.15,0,,,,,3,7.1,ok
TIC 166701098,55.6872,-35.2179,10.15,0,,,,,0,2.5,aucune_donnee
TIC 77178628,68.8165,-36.8531,10.15,0,,,,,3,6.8,ok
TIC 144483254,49.6151,-25.9053,10.15,0,,,,,0,3.4,aucune_donnee
TIC 168675713,61.2188,-34.8618,10.15,0,,,,,2,4.9,ok
TIC 146422354,75.2067,-19.0757,10.15,0,,,,,0,18.6,aucune_donnee
TIC 144504089,50.1435,-26.8734,10.15,0,,,,,1,2.8,ok
TIC 88532617,48.553,-29.2655,10.16,0,,,,,1,3.3,ok
TIC 121090655,57.2227,-23.0494,10.16,0,,,,,0,2.0,aucune_donnee
TIC 44738467,60.8442,-29.758,10.16,0,,,,,0,2.2,aucune_donnee
TIC 142978399,53.77,-32.9872,10.16,0,,,,,0,5.5,aucune_donnee
TIC 122522548,38.5847,-30.2443,10.16,0,,,,,4,8.8,ok
TIC 152372557,65.5342,-28.8187,10.16,0,,,,,4,9.0,ok
TIC 209458730,46.7251,-31.8027,10.16,0,,,,,1,3.4,ok
TIC 176777712,47.8096,-32.955,10.16,0,,,,,3,7.1,ok
TIC 284080456,17.5746,-11.8557,10.16,0,,,,,0,6.0,aucune_donnee
TIC 122616030,41.4915,-31.8847,10.16,0,,,,,2,5.5,ok
TIC 37121358,90.8035,-24.5709,10.17,0,,,,,1,3.7,ok
TIC 166833319,58.4404,-35.1314,10.17,0,,,,,0,3.8,aucune_donnee
TIC 209407002,44.8781,-32.6477,10.17,0,,,,,1,3.1,ok
TIC 332862535,34.5759,-5.0028,10.17,0,,,,,0,4.4,aucune_donnee
TIC 166740308,56.0443,-31.4213,10.17,0,,,,,1,3.2,ok
TIC 317718332,88.9315,-17.5539,10.17,0,,,,,0,18.2,aucune_donnee
TIC 166874908,59.6597,-31.2773,10.17,0,,,,,3,6.5,ok
TIC 176841204,49.2796,-30.0252,10.17,0,,,,,0,2.5,aucune_donnee
TIC 44682071,60.4735,-29.5319,10.17,0,,,,,0,2.4,aucune_donnee
TIC 168726036,62.2116,-31.3893,10.17,0,,,,,2,4.6,ok
TIC 143030609,54.878,-32.4317,10.17,0,,,,,2,4.4,ok
TIC 10864146,26.171,-11.2044,10.17,0,,,,,2,5.3,ok
TIC 143105698,89.3594,-32.571,10.17,0,,,,,0,18.5,aucune_donnee
TIC 439493113,21.5598,-22.1951,10.17,0,,,,,2,5.3,ok
TIC 142976649,53.5015,-30.2707,10.17,0,,,,,0,2.1,aucune_donnee
TIC 89182974,56.2442,-29.5752,10.17,0,,,,,0,1.7,aucune_donnee
TIC 66550650,16.842,-16.1942,10.18,0,,,,,3,7.3,ok
TIC 209457419,46.543,-33.0184,10.18,0,,,,,1,3.3,ok
TIC 89150526,56.0083,-28.5695,10.18,0,,,,,0,34.0,aucune_donnee
TIC 325682504,36.9718,-13.3162,10.18,0,,,,,3,7.8,ok
TIC 386140797,111.6754,-13.2038,10.18,0,,,,,1,2.7,ok
TIC 142929518,51.9734,-31.6088,10.18,0,,,,,0,5.2,aucune_donnee
TIC 168656780,60.8578,-31.7493,10.18,0,,,,,2,4.5,ok
TIC 144505087,50.2351,-26.6345,10.18,0,,,,,1,2.6,ok
TIC 88417347,46.0622,-28.1837,10.18,0,,,,,1,3.1,ok
TIC 168849653,64.7287,-34.8303,10.18,0,,,,,0,14.3,aucune_donnee
TIC 168750984,62.6498,-31.87,10.19,0,,,,,0,9.0,aucune_donnee
TIC 166762799,56.9907,-32.1035,10.19,0,,,,,0,3.3,aucune_donnee
TIC 121568143,69.3691,-20.148,10.19,0,,,,,1,3.3,ok
TIC 144574560,52.5324,-28.3955,10.19,0,,,,,0,3.9,aucune_donnee
TIC 89150061,55.8812,-29.091,10.19,0,,,,,0,5.0,aucune_donnee
TIC 160380020,91.6827,-29.9759,10.19,0,,,,,1,2.7,ok
TIC 209457450,46.6116,-33.1803,10.19,0,,,,,1,3.1,ok
TIC 209457086,46.54,-31.2859,10.19,0,,,,,0,5.8,aucune_donnee
TIC 176833524,49.0367,-32.6652,10.19,0,,,,,2,5.3,ok
TIC 166969087,60.4931,-29.9951,10.19,0,,,,,2,4.4,ok
TIC 178170802,43.0584,-30.4215,10.19,0,,,,,2,5.2,ok
TIC 166870754,59.2275,-32.7442,10.19,0,,,,,0,1.2,aucune_donnee
TIC 423699302,21.5678,-17.9842,10.19,0,,,,,1,3.1,ok
TIC 166762800,56.9114,-32.1039,10.19,0,,,,,2,4.8,ok
TIC 143030826,54.805,-31.3689,10.2,0,,,,,0,2.5,aucune_donnee
TIC 168656991,60.8851,-30.7992,10.2,0,,,,,3,6.2,ok
TIC 10842175,25.6695,-8.3336,10.2,0,,,,,0,3.8,aucune_donnee
TIC 166898904,59.9354,-31.9224,10.2,0,,,,,0,2.2,aucune_donnee
TIC 142939078,52.6221,-32.7248,10.2,0,,,,,0,2.6,aucune_donnee
TIC 144651327,53.8586,-24.1576,10.2,0,,,,,0,5.0,aucune_donnee
TIC 44646788,59.4741,-28.5199,10.2,0,,,,,0,2.6,aucune_donnee
TIC 89188445,57.6349,-27.2842,10.2,0,,,,,0,3.1,aucune_donnee
TIC 88533064,48.5053,-26.2854,10.2,0,,,,,0,5.1,aucune_donnee
TIC 142958504,53.1451,-33.548,10.2,0,,,,,1,2.9,ok
TIC 34590743,95.6563,-17.9072,10.2,0,,,,,1,2.7,ok
TIC 146557383,77.4187,-19.1142,10.2,0,,,,,0,24.0,aucune_donnee
TIC 166748881,56.5317,-30.404,10.2,0,,,,,0,10.0,aucune_donnee
TIC 166761808,56.7516,-32.547,10.2,0,,,,,2,4.7,ok
TIC 89186194,57.3859,-27.9705,10.2,0,,,,,0,2.4,aucune_donnee
TIC 88509330,47.9018,-28.3727,10.21,0,,,,,1,3.1,ok
TIC 144598091,53.0942,-27.9682,10.21,0,,,,,0,7.1,aucune_donnee
TIC 143022688,54.2683,-30.0745,10.21,0,,,,,?,1009.0,timeout
TIC 89116505,55.5366,-29.4,10.21,0,,,,,2,5.5,ok
TIC 142884892,51.6417,-34.0068,10.21,0,,,,,0,4.4,aucune_donnee
TIC 209463345,47.4062,-30.0119,10.21,0,,,,,1,3.4,ok
TIC 408248534,51.1948,-27.5364,10.21,0,,,,,0,5.1,aucune_donnee
TIC 89096008,54.8062,-29.9077,10.21,0,,,,,0,4.9,aucune_donnee
TIC 257432340,57.0248,-27.6659,10.21,0,,,,,0,3.8,aucune_donnee
TIC 144599909,53.1694,-29.2746,10.21,0,,,,,0,4.7,aucune_donnee
TIC 143022743,54.4639,-30.0579,10.21,0,,,,,0,3.2,aucune_donnee
TIC 93207761,85.3832,-20.0453,10.21,0,,,,,3,7.4,ok
TIC 142959341,53.2328,-30.9622,10.21,0,,,,,0,5.9,aucune_donnee
TIC 51926419,98.245,-30.5894,10.21,0,,,,,1,2.7,ok
TIC 299199934,22.7643,-9.9775,10.22,0,,,,,0,6.7,aucune_donnee
TIC 124923218,95.3448,-35.6245,10.22,0,,,,,0,22.6,aucune_donnee
TIC 1031299,33.996,-9.4869,10.22,0,,,,,2,5.1,ok
TIC 168696850,61.5587,-31.934,10.22,0,,,,,3,6.2,ok
TIC 423763322,51.5636,-27.569,10.22,0,,,,,0,5.4,aucune_donnee
TIC 89114910,55.4181,-27.104,10.22,0,,,,,0,2.3,aucune_donnee
TIC 92992033,83.9555,-18.6496,10.23,0,,,,,1,2.8,ok
TIC 299178377,22.4103,-9.7699,10.23,0,,,,,0,2.4,aucune_donnee
TIC 89254851,58.4363,-28.2697,10.23,0,,,,,0,1.5,aucune_donnee
TIC 89255114,58.45,-29.7083,10.23,0,,,,,1,2.6,ok
TIC 88525395,48.3113,-26.7117,10.23,0,,,,,0,3.7,aucune_donnee
TIC 96925186,105.4448,-34.9197,10.23,0,,,,,3,6.8,ok
TIC 142930606,52.1565,-34.4916,10.23,0,,,,,2,4.5,ok
TIC 91592498,44.5129,-32.0231,10.23,0,,,,,1,3.2,ok
TIC 320341952,110.1634,-29.9516,10.23,1,10.1299,11.9,rejete,variabilite_continue,3,9.1,ok
TIC 93441498,87.0347,-19.6791,10.23,0,,,,,1,3.3,ok
TIC 142888910,51.962,-34.7436,10.23,0,,,,,0,5.6,aucune_donnee
TIC 168792781,63.8686,-33.2081,10.24,0,,,,,2,4.7,ok
TIC 122617306,41.7405,-31.2977,10.24,0,,,,,1,3.2,ok
TIC 33743172,93.2066,-17.5776,10.24,0,,,,,2,4.8,ok
TIC 122670636,42.1692,-31.6917,10.24,0,,,,,1,3.2,ok
TIC 166831997,58.3167,-30.3429,10.24,0,,,,,0,2.7,aucune_donnee
TIC 33798272,93.5356,-17.7783,10.24,0,,,,,1,2.5,ok
TIC 88524675,48.1343,-28.8051,10.24,0,,,,,1,3.1,ok
TIC 88531848,48.4608,-26.1226,10.24,0,,,,,1,2.5,ok
TIC 89265649,59.0851,-29.1627,10.24,0,,,,,0,1.6,aucune_donnee
TIC 143022274,54.283,-32.0573,10.24,0,,,,,0,2.5,aucune_donnee
TIC 166775076,57.1566,-33.6905,10.24,0,,,,,1,2.7,ok
TIC 34260716,94.8099,-17.952,10.24,0,,,,,1,2.8,ok
TIC 332954107,35.4876,-4.7781,10.24,0,,,,,0,3.7,aucune_donnee
TIC 122615445,41.4281,-31.8888,10.25,0,,,,,1,3.4,ok
TIC 92347098,51.4379,-20.7068,10.25,0,,,,,1,3.4,ok
TIC 166742574,56.4013,-31.1511,10.25,0,,,,,0,5.2,aucune_donnee
TIC 168785676,63.1163,-34.2167,10.25,0,,,,,1,3.0,ok
TIC 142960917,53.4511,-32.5413,10.25,0,,,,,1,2.6,ok
TIC 49832078,96.2104,-28.9864,10.25,0,,,,,0,14.6,aucune_donnee
TIC 89184736,57.3065,-26.9597,10.25,0,,,,,0,1.5,aucune_donnee
TIC 176829955,48.8625,-32.3621,10.25,0,,,,,0,2.2,aucune_donnee
TIC 32555586,84.8136,-28.9671,10.25,0,,,,,3,7.1,ok
TIC 89254768,58.5097,-27.8468,10.25,0,,,,,0,4.6,aucune_donnee
TIC 92228602,48.9309,-27.8294,10.25,0,,,,,1,3.0,ok
TIC 176799149,48.6785,-33.2835,10.25,0,,,,,0,3.3,aucune_donnee
TIC 168674338,61.0871,-31.487,10.25,0,,,,,0,6.1,aucune_donnee
TIC 60484805,96.3611,-18.8544,10.25,0,,,,,0,4.1,aucune_donnee
TIC 166832463,58.3283,-32.5066,10.25,0,,,,,1,3.5,ok
TIC 168703526,62.186,-30.6243,10.26,0,,,,,2,4.4,ok
TIC 91554548,43.9053,-31.2731,10.26,0,,,,,3,6.6,ok
TIC 144653241,54.1416,-26.1785,10.26,0,,,,,0,9.0,aucune_donnee
TIC 88336893,43.7571,-28.2187,10.26,0,,,,,0,8.5,aucune_donnee
TIC 144597168,52.9086,-26.9179,10.26,0,,,,,0,6.0,aucune_donnee
TIC 142884375,51.6189,-32.4185,10.26,0,,,,,1,4.0,ok
TIC 10863225,25.9948,-6.9134,10.26,0,,,,,3,6.8,ok
TIC 389856488,81.708,-19.3578,10.26,0,,,,,2,4.8,ok
TIC 92228688,48.9911,-27.3653,10.26,0,,,,,0,9.8,aucune_donnee
TIC 144522707,50.9624,-26.2327,10.26,0,,,,,0,8.7,aucune_donnee
TIC 142888712,51.9653,-33.9771,10.26,0,,,,,0,10.5,aucune_donnee
TIC 143022356,54.2468,-31.6892,10.26,0,,,,,1,2.6,ok
TIC 325691009,56.5971,-28.6436,10.26,0,,,,,0,3.4,aucune_donnee
TIC 178952972,69.1635,-27.3698,10.26,0,,,,,2,5.0,ok
TIC 144537883,51.0854,-26.9887,10.26,0,,,,,0,6.6,aucune_donnee
TIC 121009003,55.4273,-18.7003,10.26,0,,,,,1,3.0,ok
TIC 144465332,49.207,-29.5854,10.27,0,,,,,1,3.8,ok
TIC 89239921,58.394,-27.1418,10.27,0,,,,,0,4.5,aucune_donnee
TIC 209454877,46.2287,-31.1017,10.27,0,,,,,2,4.7,ok
TIC 168674140,61.1339,-32.4758,10.27,0,,,,,0,10.2,aucune_donnee
TIC 144597548,52.8963,-29.0997,10.27,0,,,,,0,3.9,aucune_donnee
TIC 37917717,94.7598,-24.8692,10.27,0,,,,,2,6.9,ok
TIC 299099101,21.0655,-10.4763,10.27,0,,,,,0,3.0,aucune_donnee
TIC 209458520,46.7506,-33.1811,10.27,0,,,,,0,4.8,aucune_donnee
TIC 166870648,59.1741,-32.2715,10.27,0,,,,,1,4.1,ok
TIC 166873855,59.4677,-35.5929,10.27,0,,,,,1,2.9,ok
TIC 31174376,81.5993,-29.645,10.27,0,,,,,4,9.7,ok
TIC 168727530,62.4204,-35.3662,10.27,0,,,,,0,6.1,aucune_donnee
TIC 168728149,62.5521,-33.2578,10.27,0,,,,,0,8.4,aucune_donnee
TIC 406479277,53.5583,-19.6644,10.27,0,,,,,2,4.9,ok
TIC 88454577,46.2655,-28.5465,10.28,0,,,,,1,3.6,ok
TIC 143043749,55.2236,-30.1124,10.28,0,,,,,0,6.5,aucune_donnee
TIC 142850916,50.1883,-31.3092,10.28,0,,,,,2,5.3,ok
TIC 144522377,50.9832,-28.1134,10.28,0,,,,,0,7.1,aucune_donnee
TIC 142931052,52.3728,-34.934,10.28,0,,,,,0,2.7,aucune_donnee
TIC 142937789,52.5146,-31.7756,10.28,0,,,,,0,2.9,aucune_donnee
TIC 25001358,30.0541,-8.6816,10.28,0,,,,,2,5.5,ok
TIC 143030021,54.7971,-35.2296,10.28,0,,,,,0,4.4,aucune_donnee
TIC 47772441,98.0011,-20.2681,10.28,0,,,,,0,4.1,aucune_donnee
TIC 89263366,58.8094,-29.203,10.28,0,,,,,0,2.4,aucune_donnee
TIC 117648603,68.0039,-17.7465,10.28,0,,,,,2,5.4,ok
TIC 47720259,97.8917,-23.9516,10.28,0,,,,,1,3.1,ok
TIC 32553191,21.1348,-16.2404,10.28,0,,,,,3,7.0,ok
TIC 169451121,77.6253,-16.1345,10.28,0,,,,,2,5.9,ok
TIC 142939955,52.6917,-31.9746,10.28,0,,,,,1,2.7,ok
TIC 166790878,57.7825,-31.0327,10.28,0,,,,,0,5.0,aucune_donnee
TIC 142884338,51.6558,-32.3359,10.28,0,,,,,0,4.4,aucune_donnee
TIC 325688063,56.3192,-26.4557,10.29,0,,,,,0,1.5,aucune_donnee
TIC 122686554,42.3739,-30.3488,10.29,0,,,,,1,3.9,ok
TIC 144576548,52.7599,-29.292,10.29,0,,,,,0,4.1,aucune_donnee
TIC 176843192,49.4763,-30.0779,10.29,0,,,,,0,5.0,aucune_donnee
TIC 89205842,58.0762,-27.353,10.29,0,,,,,0,1.7,aucune_donnee
TIC 24535497,83.4612,-34.5707,10.29,0,,,,,2,4.8,ok
TIC 189013222,79.1019,-15.5128,10.29,0,,,,,2,5.2,ok
TIC 166899336,59.9379,-30.0905,10.29,0,,,,,0,1.2,aucune_donnee
TIC 176779149,48.1079,-30.6242,10.29,0,,,,,0,4.1,aucune_donnee
TIC 168750914,62.7352,-31.5111,10.29,0,,,,,0,2.5,aucune_donnee
TIC 209429745,45.4515,-30.2336,10.29,0,,,,,3,7.0,ok
TIC 166803836,57.9768,-30.7552,10.29,0,,,,,1,2.6,ok
TIC 89116358,55.5586,-28.5773,10.29,0,,,,,0,2.9,aucune_donnee
TIC 146523262,76.737,-18.9046,10.3,0,,,,,?,1006.4,timeout
TIC 25001474,29.9753,-9.5046,10.3,0,,,,,2,6.0,ok
TIC 88481945,47.2989,-26.7489,10.3,0,,,,,0,4.2,aucune_donnee
TIC 144496510,49.7808,-27.5828,10.3,0,,,,,0,2.4,aucune_donnee
TIC 47500976,96.8685,-17.883,10.3,0,,,,,0,1.8,aucune_donnee
TIC 142939409,52.6471,-30.9174,10.3,0,,,,,0,1.7,aucune_donnee
TIC 93027330,84.1829,-19.0836,10.3,0,,,,,0,6.1,aucune_donnee
TIC 123794958,90.3586,-19.2466,10.3,0,,,,,0,5.4,aucune_donnee
TIC 1312638,73.1814,-34.4375,10.3,0,,,,,2,5.7,ok
TIC 37540556,92.7291,-23.9263,10.3,0,,,,,2,4.4,ok
TIC 88525006,48.3245,-28.9812,10.3,0,,,,,0,6.6,aucune_donnee
TIC 176797220,48.4537,-33.3714,10.3,0,,,,,0,4.3,aucune_donnee
TIC 44646384,59.3728,-29.1959,10.3,0,,,,,0,2.6,aucune_donnee
TIC 168675611,61.2943,-34.367,10.3,0,,,,,0,3.9,aucune_donnee
TIC 139826968,68.3356,-20.2182,10.3,0,,,,,1,3.6,ok
TIC 89265504,59.0143,-28.4541,10.3,0,,,,,0,2.4,aucune_donnee
TIC 144482710,49.5582,-28.9918,10.31,0,,,,,0,4.8,aucune_donnee
TIC 88404948,45.2325,-27.311,10.31,0,,,,,1,3.4,ok
TIC 144503309,50.0533,-28.7524,10.31,0,,,,,0,4.5,aucune_donnee
TIC 139679836,66.1515,-23.0938,10.31,0,,,,,2,5.1,ok
TIC 89255038,58.4803,-29.2818,10.31,0,,,,,2,4.4,ok
TIC 34797529,96.2466,-16.0282,10.31,0,,,,,0,2.4,aucune_donnee
TIC 34437670,95.3102,-15.411,10.31,0,,,,,1,2.7,ok
TIC 142868094,50.9868,-34.3044,10.31,0,,,,,0,2.0,aucune_donnee
TIC 168633601,60.5256,-30.565,10.31,0,,,,,0,2.0,aucune_donnee
TIC 166899728,60.0352,-31.4029,10.31,0,,,,,0,2.7,aucune_donnee
TIC 60118192,95.0467,-23.5478,10.31,0,,,,,1,2.9,ok
TIC 143235267,90.7444,-31.3304,10.31,0,,,,,1,3.0,ok
TIC 442931466,81.0904,-17.8201,10.31,0,,,,,1,3.2,ok
TIC 322573357,89.5617,-19.7363,10.31,0,,,,,0,4.7,aucune_donnee
TIC 209452635,45.9644,-30.8312,10.31,0,,,,,1,3.6,ok
TIC 13882768,73.6932,-36.7891,10.31,0,,,,,3,7.5,ok
TIC 178284730,60.3855,-20.4509,10.31,0,,,,,3,7.0,ok
TIC 632593892,36.2985,-10.4733,10.31,0,,,,,2,5.1,ok
TIC 209406444,44.6911,-30.4695,10.32,1,2.104,42.5,rejete,eclipse_secondaire;compagnon_trop_gros_3.0Rjup,1,5.3,ok
TIC 144574573,52.499,-28.3554,10.32,0,,,,,0,3.1,aucune_donnee
TIC 209452074,45.916,-32.2204,10.32,0,,,,,1,3.2,ok
TIC 144502362,84.4614,-36.4026,10.32,0,,,,,2,4.5,ok
TIC 89202841,57.7548,-29.8715,10.32,0,,,,,0,1.2,aucune_donnee
TIC 93055872,84.4019,-18.4897,10.32,0,,,,,0,3.5,aucune_donnee
TIC 166700155,55.591,-31.5653,10.32,0,,,,,0,4.7,aucune_donnee
TIC 91556176,44.0614,-30.7695,10.32,0,,,,,0,6.4,aucune_donnee
TIC 176852244,49.8217,-30.2409,10.32,0,,,,,1,3.2,ok
TIC 166741952,56.2566,-31.8528,10.32,0,,,,,1,2.5,ok
TIC 178275719,60.175,-21.73,10.32,0,,,,,0,8.4,aucune_donnee
TIC 143041361,54.9174,-30.5153,10.32,0,,,,,0,2.2,aucune_donnee
TIC 72731086,34.5093,-24.6399,10.32,0,,,,,2,5.7,ok
TIC 24909971,27.3262,-7.6839,10.33,0,,,,,0,6.9,aucune_donnee
TIC 24942376,28.7771,-8.4399,10.33,0,,,,,3,7.5,ok
TIC 166714331,55.9825,-34.2423,10.33,0,,,,,1,2.5,ok
TIC 33938008,93.8697,-15.6568,10.33,0,,,,,1,2.6,ok
TIC 144621456,53.892,-29.3381,10.33,0,,,,,0,7.3,aucune_donnee
TIC 209463677,47.4463,-32.0535,10.33,0,,,,,2,6.0,ok
TIC 139827556,68.2992,-21.2039,10.33,0,,,,,3,7.1,ok
TIC 408248403,51.2183,-28.1061,10.33,0,,,,,0,5.4,aucune_donnee
TIC 144513500,50.4175,-28.0957,10.33,0,,,,,0,3.6,aucune_donnee
TIC 144521643,50.7666,-27.7643,10.33,0,,,,,0,3.6,aucune_donnee
TIC 142930166,52.1872,-32.0008,10.33,0,,,,,0,3.9,aucune_donnee
TIC 88481864,47.3528,-26.3383,10.34,0,,,,,0,7.4,aucune_donnee
TIC 319312735,61.8672,-14.9384,10.34,0,,,,,1,3.6,ok
TIC 166933002,60.2416,-31.4907,10.34,0,,,,,3,6.6,ok
TIC 176841118,49.1106,-30.2572,10.34,0,,,,,0,1.9,aucune_donnee
TIC 176841081,49.0783,-30.4513,10.34,0,,,,,0,12.5,aucune_donnee
TIC 166713930,55.8288,-35.4767,10.34,0,,,,,0,2.3,aucune_donnee
TIC 121596729,69.9287,-20.1714,10.34,0,,,,,1,3.7,ok
TIC 176797879,48.5841,-34.0318,10.34,0,,,,,3,7.1,ok
TIC 121641998,70.6141,-20.035,10.34,0,,,,,0,25.5,aucune_donnee
TIC 209456365,46.4601,-32.5454,10.34,0,,,,,1,3.6,ok
TIC 166741834,56.2833,-32.4999,10.34,0,,,,,0,1.3,aucune_donnee
TIC 88532987,48.4729,-26.7469,10.34,0,,,,,0,2.1,aucune_donnee
TIC 88364043,44.5232,-27.8262,10.34,0,,,,,3,6.6,ok
TIC 89182964,56.2059,-29.6259,10.34,0,,,,,0,4.6,aucune_donnee
TIC 88346987,44.1456,-29.6028,10.35,0,,,,,1,4.1,ok
TIC 52171454,99.3487,-30.9722,10.35,0,,,,,2,4.5,ok
TIC 65416676,41.1103,-26.9978,10.35,0,,,,,4,9.2,ok
TIC 44736094,60.7487,-29.7374,10.35,0,,,,,0,3.1,aucune_donnee
TIC 88347063,44.1684,-29.8413,10.35,0,,,,,1,3.3,ok
TIC 144577131,52.8436,-26.196,10.35,0,,,,,0,4.8,aucune_donnee
TIC 406499408,70.9286,-19.8661,10.35,0,,,,,0,7.4,aucune_donnee
TIC 65484553,43.0771,-28.7505,10.35,0,,,,,1,3.4,ok
TIC 142874975,51.4414,-34.4582,10.35,0,,,,,1,2.6,ok
TIC 44679794,60.1981,-28.7718,10.35,0,,,,,0,1.8,aucune_donnee
TIC 89265966,59.0969,-28.8419,10.35,0,,,,,0,3.3,aucune_donnee
TIC 89205662,58.1504,-28.1651,10.35,0,,,,,1,2.9,ok
TIC 166779227,57.4764,-31.7547,10.35,0,,,,,0,1.6,aucune_donnee
TIC 218987263,42.4527,-22.4884,10.35,0,,,,,3,7.9,ok
TIC 142976399,53.488,-31.5394,10.35,0,,,,,2,4.8,ok
TIC 168675008,61.2991,-31.6086,10.35,0,,,,,3,6.5,ok
TIC 88532359,48.4714,-28.946,10.35,0,,,,,0,3.5,aucune_donnee
TIC 302465470,34.2852,-14.0867,10.36,0,,,,,2,5.5,ok
TIC 153166843,89.6218,-27.8221,10.36,0,,,,,3,6.7,ok
TIC 167456593,17.4304,-12.3422,10.36,0,,,,,1,3.2,ok
TIC 166899107,59.8725,-31.0773,10.36,0,,,,,0,3.3,aucune_donnee
TIC 44670353,60.0316,-28.5962,10.36,0,,,,,1,2.6,ok
TIC 142984046,54.1115,-30.3783,10.36,0,,,,,0,5.9,aucune_donnee
TIC 176798058,48.5034,-32.934,10.36,0,,,,,0,4.5,aucune_donnee
TIC 144496234,49.7832,-25.976,10.36,0,,,,,0,3.5,aucune_donnee
TIC 142984065,54.1987,-30.4788,10.36,0,,,,,0,4.9,aucune_donnee
TIC 176841786,49.1663,-33.6822,10.36,0,,,,,0,3.6,aucune_donnee
TIC 70914192,64.6571,-17.4198,10.36,0,,,,,1,2.7,ok
TIC 166712706,55.7424,-30.7895,10.36,0,,,,,1,2.8,ok
TIC 209461841,47.1673,-33.2349,10.36,0,,,,,0,8.3,aucune_donnee
TIC 44738571,61.0597,-29.6093,10.37,0,,,,,0,3.4,aucune_donnee
TIC 142868440,50.9648,-32.31,10.37,0,,,,,1,3.3,ok
TIC 166764473,57.1133,-31.2769,10.37,0,,,,,0,1.1,aucune_donnee
TIC 124983667,95.6103,-31.1337,10.37,0,,,,,1,2.6,ok
TIC 88381038,44.9575,-28.1594,10.37,0,,,,,1,3.2,ok
TIC 142978427,53.6832,-32.8451,10.37,0,,,,,0,3.9,aucune_donnee
TIC 398778117,71.9738,-21.4579,10.37,0,,,,,2,5.8,ok
TIC 88532983,48.5927,-26.7542,10.37,0,,,,,1,2.5,ok
TIC 23170835,46.5588,-9.81,10.37,0,,,,,0,1.1,aucune_donnee
TIC 143043289,55.1293,-32.0375,10.37,0,,,,,0,1.7,aucune_donnee
TIC 88480729,47.2281,-28.4239,10.37,0,,,,,1,3.2,ok
TIC 209451845,45.9188,-33.3453,10.37,0,,,,,1,3.0,ok
TIC 122670635,42.1319,-31.6889,10.37,0,,,,,1,3.2,ok
TIC 144653169,54.0642,-26.5788,10.38,0,,,,,0,5.4,aucune_donnee
TIC 257604569,62.7155,-36.3917,10.38,0,,,,,0,8.7,aucune_donnee
TIC 172193428,98.5319,-28.4041,10.38,0,,,,,?,139.9,timeout
TIC 143030983,54.8165,-30.6037,10.38,0,,,,,?,136.6,timeout
TIC 44743428,61.3702,-29.3799,10.38,0,,,,,0,2.8,aucune_donnee
TIC 209449868,45.6002,-32.4096,10.38,0,,,,,1,3.5,ok
TIC 209450116,45.5541,-31.0676,10.38,0,,,,,3,7.8,ok
TIC 209457085,46.5681,-31.2693,10.38,0,,,,,0,2.5,aucune_donnee
TIC 89116623,55.6748,-29.8071,10.38,0,,,,,2,4.5,ok
TIC 89114650,55.4505,-28.493,10.38,0,,,,,0,2.7,aucune_donnee
TIC 88454928,46.3692,-29.3249,10.38,0,,,,,1,3.4,ok
TIC 144482668,49.5541,-29.2816,10.38,0,,,,,0,27.7,aucune_donnee
TIC 88570710,48.8073,-28.5544,10.38,0,,,,,0,7.0,aucune_donnee
TIC 77288241,70.5486,-36.125,10.38,0,,,,,3,7.1,ok
TIC 120896233,36.8739,-29.8802,10.38,0,,,,,0,4.1,aucune_donnee
TIC 325709380,56.8997,-29.3581,10.38,0,,,,,0,5.0,aucune_donnee
TIC 178244085,59.3149,-21.4761,10.38,0,,,,,1,3.4,ok
TIC 33423081,87.5828,-20.1532,10.38,0,,,,,0,10.1,aucune_donnee
TIC 65291343,38.5037,-28.8851,10.38,0,,,,,1,3.3,ok
TIC 166740775,56.0389,-33.7554,10.38,0,,,,,1,2.5,ok
TIC 423397106,31.3114,-7.6195,10.38,0,,,,,2,5.1,ok
TIC 166740597,56.0465,-32.7768,10.38,0,,,,,0,2.9,aucune_donnee
TIC 168698863,61.8574,-30.0558,10.39,0,,,,,0,5.9,aucune_donnee
TIC 124491330,93.508,-20.3726,10.39,0,,,,,1,2.6,ok
TIC 142870249,51.2472,-33.3036,10.39,0,,,,,0,11.4,aucune_donnee
TIC 88454379,46.2569,-27.3197,10.39,0,,,,,3,7.2,ok
TIC 44791149,61.7981,-29.3095,10.39,0,,,,,2,4.3,ok
TIC 166869978,59.0676,-30.8918,10.39,0,,,,,1,3.0,ok
TIC 10863087,25.9385,-6.0447,10.39,0,,,,,3,7.1,ok
TIC 279328447,43.6425,-29.4172,10.39,0,,,,,1,3.3,ok
TIC 168698589,61.7038,-31.0741,10.39,0,,,,,0,7.2,aucune_donnee
TIC 95328477,90.6023,-16.5809,10.39,0,,,,,2,4.7,ok
TIC 32930236,87.5894,-29.2557,10.39,0,,,,,3,6.8,ok
TIC 176777627,47.8643,-32.3968,10.39,0,,,,,1,3.1,ok
TIC 209450594,45.806,-31.5065,10.39,0,,,,,0,2.7,aucune_donnee
TIC 34793253,96.132,-16.3661,10.39,0,,,,,0,3.4,aucune_donnee
TIC 160330305,91.4234,-35.8803,10.39,0,,,,,2,6.3,ok
TIC 117649303,68.1278,-15.4453,10.39,0,,,,,2,5.1,ok
TIC 65480686,42.6206,-29.3552,10.39,0,,,,,0,5.4,aucune_donnee
TIC 178154078,42.605,-30.7789,10.39,0,,,,,1,4.3,ok
TIC 91543265,43.8263,-31.5343,10.4,0,,,,,0,6.7,aucune_donnee
TIC 142943959,52.9017,-32.6968,10.4,0,,,,,1,2.8,ok
TIC 144503851,50.0903,-28.1419,10.4,0,,,,,0,1.7,aucune_donnee
TIC 44743386,61.4899,-29.1912,10.4,0,,,,,0,5.1,aucune_donnee
TIC 166803780,57.9352,-31.0392,10.4,0,,,,,0,2.9,aucune_donnee
TIC 268860764,34.1712,-23.1693,10.4,0,,,,,2,6.7,ok
TIC 166869663,58.9902,-32.402,10.4,0,,,,,0,1.9,aucune_donnee
TIC 168752619,62.8199,-32.0346,10.4,0,,,,,1,2.7,ok
TIC 49610894,95.4506,-24.405,10.4,0,,,,,2,4.2,ok
TIC 423525928,71.8398,-20.0622,10.4,0,,,,,1,3.5,ok
TIC 88478700,46.986,-28.368,10.4,0,,,,,1,3.1,ok
TIC 209461627,47.1713,-32.109,10.4,0,,,,,2,5.0,ok
TIC 38024483,95.0774,-28.6694,10.4,0,,,,,2,4.2,ok
TIC 144497204,49.9004,-28.3821,10.4,0,,,,,0,3.4,aucune_donnee
TIC 100724993,87.7579,-35.4213,10.4,0,,,,,3,7.9,ok
TIC 142875066,51.4803,-34.0101,10.41,0,,,,,0,9.1,aucune_donnee
TIC 142852717,50.5065,-30.377,10.41,0,,,,,0,4.7,aucune_donnee
TIC 142887055,51.8171,-31.2231,10.41,0,,,,,0,2.2,aucune_donnee
TIC 89186264,57.4639,-28.3499,10.41,0,,,,,0,1.7,aucune_donnee
TIC 168849454,64.8,-35.5818,10.41,0,,,,,0,8.0,aucune_donnee
TIC 241537483,25.2624,-5.3739,10.41,0,,,,,3,6.9,ok
TIC 142888375,51.9227,-32.9736,10.41,0,,,,,1,3.3,ok
TIC 121707776,72.953,-19.6215,10.41,0,,,,,0,14.0,aucune_donnee
TIC 142931519,52.3244,-32.3646,10.41,0,,,,,2,5.4,ok
TIC 144521835,50.8079,-28.8424,10.41,0,,,,,0,4.3,aucune_donnee
TIC 144515338,50.5843,-29.733,10.41,0,,,,,0,3.5,aucune_donnee
TIC 7650923,64.8111,-36.662,10.41,0,,,,,0,10.1,aucune_donnee
TIC 209452048,45.8709,-32.3599,10.41,0,,,,,0,4.7,aucune_donnee
TIC 46430931,83.7584,-17.2395,10.41,0,,,,,0,8.8,aucune_donnee
TIC 89150869,56.0053,-26.538,10.41,0,,,,,0,2.4,aucune_donnee
TIC 408248723,51.1544,-26.4976,10.41,0,,,,,0,2.9,aucune_donnee
TIC 176850599,49.5736,-32.3583,10.41,0,,,,,1,3.5,ok
TIC 168675678,61.3022,-34.6951,10.41,0,,,,,0,2.9,aucune_donnee
TIC 1119096,36.5281,-10.3784,10.41,0,,,,,3,7.3,ok
TIC 166714771,56.0061,-31.9161,10.42,0,,,,,0,4.1,aucune_donnee
TIC 29918691,24.8262,-8.766,10.42,0,,,,,0,4.6,aucune_donnee
TIC 176798953,48.7057,-32.1571,10.42,0,,,,,0,3.6,aucune_donnee
TIC 178155378,42.7452,-31.587,10.42,0,,,,,3,7.0,ok
TIC 44668044,59.7354,-28.0548,10.42,0,,,,,0,2.2,aucune_donnee
TIC 72668830,33.45,-27.8679,10.42,1,12.491,12.4,rejete,variabilite_continue,3,10.0,ok
TIC 325707589,56.7463,-27.1885,10.42,0,,,,,0,2.9,aucune_donnee
TIC 144576211,52.6811,-28.8846,10.42,0,,,,,0,1.9,aucune_donnee
TIC 71046266,66.35,-14.0979,10.42,0,,,,,0,10.2,aucune_donnee
TIC 143023090,54.4254,-31.5174,10.42,0,,,,,0,2.4,aucune_donnee
TIC 10837041,20.9221,-8.7021,10.42,0,,,,,2,5.4,ok
TIC 124028802,91.5712,-21.0419,10.42,0,,,,,1,3.2,ok
TIC 407585585,49.9085,-32.6767,10.43,0,,,,,0,3.8,aucune_donnee
TIC 209459358,46.7929,-31.6875,10.43,0,,,,,1,3.3,ok
TIC 89116016,55.5168,-26.5827,10.43,0,,,,,0,1.3,aucune_donnee
TIC 166968844,60.4352,-30.9792,10.43,0,,,,,2,4.3,ok
TIC 121714500,73.2578,-19.4993,10.43,0,,,,,0,6.8,aucune_donnee
TIC 89116114,55.586,-27.1268,10.43,0,,,,,0,2.3,aucune_donnee
TIC 166875503,59.7936,-30.9358,10.43,0,,,,,0,1.4,aucune_donnee
TIC 88507150,47.5776,-27.6926,10.43,0,,,,,1,6.4,ok
TIC 143022527,54.2189,-30.8965,10.43,0,,,,,0,3.6,aucune_donnee
TIC 168793096,63.797,-34.7269,10.43,0,,,,,2,5.0,ok
TIC 408248459,51.2009,-27.8837,10.43,0,,,,,1,3.1,ok
TIC 144574585,52.4876,-28.2813,10.43,0,,,,,0,3.6,aucune_donnee
TIC 143171779,89.9537,-35.6176,10.43,0,,,,,0,27.0,aucune_donnee
TIC 88570661,48.8668,-28.8264,10.43,0,,,,,1,4.1,ok
TIC 146286001,73.4645,-19.986,10.43,0,,,,,1,3.2,ok
TIC 89094491,54.6376,-25.9521,10.43,0,,,,,0,4.8,aucune_donnee
TIC 123979908,91.4365,-19.1036,10.43,0,,,,,0,5.3,aucune_donnee
TIC 88570980,48.8721,-27.0399,10.44,0,,,,,1,3.2,ok
TIC 89265768,59.0841,-29.8022,10.44,0,,,,,0,1.6,aucune_donnee
TIC 44670312,60.0184,-28.8081,10.44,0,,,,,0,1.7,aucune_donnee
TIC 209459318,46.87,-31.4237,10.44,0,,,,,1,3.7,ok
TIC 172623939,100.9209,-27.8595,10.44,0,,,,,0,4.1,aucune_donnee
TIC 89183302,56.2461,-27.9249,10.44,0,,,,,0,4.0,aucune_donnee
TIC 442921799,80.5792,-14.6868,10.44,0,,,,,1,2.7,ok
TIC 144597769,53.0748,-29.5807,10.44,0,,,,,1,3.4,ok
TIC 142888496,51.8469,-33.3376,10.44,0,,,,,0,2.3,aucune_donnee
TIC 144503100,50.0187,-27.7503,10.44,0,,,,,2,4.4,ok
TIC 108940329,112.6506,-28.9129,10.44,1,7.2642,20.2,rejete,variabilite_continue,2,6.1,ok
TIC 178945600,68.7001,-27.4948,10.44,0,,,,,3,7.0,ok
TIC 65290698,38.2756,-26.1868,10.44,0,,,,,4,8.5,ok
TIC 146382443,74.9288,-19.3522,10.44,0,,,,,0,15.3,aucune_donnee
TIC 37304094,91.6445,-26.9551,10.44,0,,,,,1,2.6,ok
TIC 149673484,116.3188,-34.3537,10.44,0,,,,,1,2.6,ok
TIC 89188478,57.6371,-27.4636,10.44,0,,,,,1,2.6,ok
TIC 91541922,43.7035,-31.535,10.44,0,,,,,0,3.6,aucune_donnee
TIC 88407155,45.5189,-27.5812,10.44,0,,,,,2,4.9,ok
TIC 88405083,45.2378,-28.0136,10.44,0,,,,,0,5.7,aucune_donnee
TIC 168703228,62.0206,-30.6091,10.44,0,,,,,0,5.1,aucune_donnee
TIC 166933111,60.2781,-31.9823,10.44,0,,,,,3,6.4,ok
TIC 168696302,61.4085,-30.4471,10.45,0,,,,,3,6.3,ok
TIC 146320921,73.8442,-19.6585,10.45,0,,,,,0,15.5,aucune_donnee
TIC 325690668,56.6993,-26.9631,10.45,0,,,,,0,1.7,aucune_donnee
TIC 144497758,49.8147,-25.2053,10.45,0,,,,,0,2.3,aucune_donnee
TIC 144496129,49.6822,-25.4282,10.45,0,,,,,0,2.6,aucune_donnee
TIC 168701841,61.889,-34.6927,10.45,0,,,,,0,5.7,aucune_donnee
TIC 100829377,88.5379,-33.4769,10.45,0,,,,,3,7.4,ok
TIC 209463461,47.4306,-30.6888,10.45,0,,,,,1,3.2,ok
TIC 89061397,54.3802,-27.2406,10.45,0,,,,,0,1.8,aucune_donnee
TIC 120959995,54.2593,-23.8489,10.45,0,,,,,0,3.5,aucune_donnee
TIC 209429676,45.3617,-29.9811,10.45,0,,,,,0,2.9,aucune_donnee
TIC 209462831,47.2266,-32.7999,10.45,0,,,,,1,3.3,ok
TIC 31259167,82.1024,-28.04,10.46,0,,,,,2,4.5,ok
TIC 88463008,46.6938,-29.913,10.46,0,,,,,1,2.6,ok
TIC 168655944,60.7805,-35.8071,10.46,0,,,,,0,6.8,aucune_donnee
TIC 168633917,60.7367,-30.8531,10.46,0,,,,,2,5.4,ok
TIC 54003038,23.492,-17.6413,10.46,0,,,,,3,7.0,ok
TIC 168784890,62.9015,-34.0961,10.46,0,,,,,0,6.3,aucune_donnee
TIC 144521672,50.8529,-27.9201,10.46,0,,,,,0,4.0,aucune_donnee
TIC 142960645,53.4645,-33.925,10.46,0,,,,,0,4.6,aucune_donnee
TIC 24462175,82.5264,-34.557,10.46,0,,,,,5,10.9,ok
TIC 142976661,53.4033,-30.2101,10.46,0,,,,,0,2.9,aucune_donnee
TIC 122612091,41.0401,-30.1691,10.46,1,2.2113,54.7,rejete,variabilite_continue;eclipse_secondaire,5,14.5,ok
TIC 120957745,54.0573,-23.9029,10.46,0,,,,,0,2.2,aucune_donnee
TIC 144464876,49.1541,-26.9249,10.46,0,,,,,0,2.3,aucune_donnee
TIC 77840675,78.1583,-34.4666,10.47,0,,,,,2,4.7,ok
TIC 176833357,49.1446,-33.2241,10.47,0,,,,,0,2.8,aucune_donnee
TIC 142930412,52.2091,-33.2899,10.47,0,,,,,1,2.6,ok
TIC 144538468,52.2775,-29.7637,10.47,0,,,,,0,2.0,aucune_donnee
TIC 146381318,74.9082,-23.045,10.47,0,,,,,1,2.4,ok
TIC 93420790,86.9872,-19.0061,10.47,0,,,,,0,18.3,aucune_donnee
TIC 143029077,54.6573,-32.0192,10.47,0,,,,,0,5.5,aucune_donnee
TIC 88338671,44.0463,-29.8676,10.47,0,,,,,0,6.7,aucune_donnee
TIC 166699827,55.4104,-30.1906,10.47,0,,,,,0,1.6,aucune_donnee
TIC 708700786,80.6651,-17.2741,10.47,0,,,,,1,2.7,ok
TIC 88407722,45.5578,-29.3587,10.47,0,,,,,1,3.2,ok
TIC 144619671,53.5904,-27.0668,10.47,0,,,,,0,2.1,aucune_donnee
TIC 142929022,52.0772,-34.5231,10.48,0,,,,,0,2.3,aucune_donnee
TIC 88482110,47.3676,-27.6808,10.48,0,,,,,0,8.9,aucune_donnee
TIC 322651119,97.2652,-25.5087,10.48,0,,,,,0,6.6,aucune_donnee
TIC 144482109,49.5374,-27.3123,10.48,0,,,,,0,3.7,aucune_donnee
TIC 144574477,52.486,-28.8065,10.48,0,,,,,2,4.5,ok
TIC 176797873,48.5864,-34.089,10.48,0,,,,,1,3.2,ok
TIC 122686725,42.3619,-31.5749,10.48,0,,,,,3,6.5,ok
TIC 88408067,45.5694,-27.3837,10.48,0,,,,,1,2.5,ok
TIC 144621461,53.7991,-29.3007,10.48,0,,,,,0,5.6,aucune_donnee
TIC 146305317,73.4758,-19.8013,10.48,0,,,,,0,23.1,aucune_donnee
TIC 299100573,21.2748,-10.3715,10.48,0,,,,,0,4.4,aucune_donnee
TIC 10819365,20.4327,-10.6672,10.48,0,,,,,0,3.4,aucune_donnee
TIC 178153723,42.5135,-31.8562,10.48,0,,,,,1,3.6,ok
TIC 142984438,54.175,-32.0819,10.48,0,,,,,2,4.7,ok
TIC 346314059,96.7189,-17.3573,10.48,0,,,,,1,2.6,ok
TIC 144514574,50.5032,-25.6409,10.48,0,,,,,0,3.0,aucune_donnee
TIC 89186724,57.6209,-29.2812,10.48,0,,,,,1,2.8,ok
TIC 89238882,58.2086,-27.4953,10.48,0,,,,,0,1.9,aucune_donnee
TIC 121711726,73.2002,-19.8812,10.48,0,,,,,0,19.1,aucune_donnee
TIC 143028704,54.708,-30.2293,10.49,0,,,,,0,14.1,aucune_donnee
TIC 65347638,39.7184,-28.1627,10.49,0,,,,,1,3.5,ok
TIC 24909152,27.0932,-7.7643,10.49,0,,,,,0,8.6,aucune_donnee
TIC 144480803,49.3284,-28.1385,10.49,0,,,,,0,4.3,aucune_donnee
TIC 168656847,60.9058,-31.4664,10.49,0,,,,,0,5.1,aucune_donnee
TIC 89186190,57.4649,-27.9512,10.49,0,,,,,0,2.2,aucune_donnee
TIC 88508217,47.7217,-25.833,10.49,0,,,,,0,7.3,aucune_donnee
TIC 120979223,54.9894,-22.4358,10.49,0,,,,,0,8.1,aucune_donnee
TIC 142977531,53.5766,-34.3246,10.49,0,,,,,0,2.4,aucune_donnee
TIC 71090087,66.6342,-16.9104,10.49,0,,,,,1,3.6,ok
TIC 37917720,94.7612,-24.872,10.49,0,,,,,2,4.7,ok
TIC 144540326,52.363,-28.2877,10.49,0,,,,,0,7.2,aucune_donnee
TIC 168674936,61.3309,-31.2007,10.49,0,,,,,0,2.7,aucune_donnee
TIC 142944017,52.8906,-32.3294,10.49,0,,,,,1,2.9,ok
TIC 166712417,55.7038,-32.2917,10.49,0,,,,,0,4.0,aucune_donnee
TIC 89263206,58.7706,-28.4426,10.49,0,,,,,2,5.4,ok
TIC 166699424,55.4606,-32.2992,10.49,0,,,,,0,4.3,aucune_donnee
TIC 316918406,74.6492,-15.6252,10.49,0,,,,,1,4.0,ok
TIC 78052788,80.4026,-35.0875,10.49,0,,,,,2,5.0,ok
TIC 166932141,60.2311,-32.3238,10.5,0,,,,,3,5.9,ok
TIC 166851454,59.0041,-35.8812,10.5,0,,,,,0,1.5,aucune_donnee
TIC 300029229,99.1762,-26.6366,10.5,0,,,,,0,9.2,aucune_donnee
TIC 144496327,49.7394,-26.494,10.5,0,,,,,0,5.4,aucune_donnee
TIC 423782786,52.0412,-28.7903,10.5,0,,,,,0,3.4,aucune_donnee
TIC 88533763,48.6699,-26.0571,10.5,0,,,,,0,3.6,aucune_donnee
TIC 122669997,42.0043,-32.1048,10.5,0,,,,,1,3.5,ok
TIC 64365035,106.7843,-24.496,10.5,1,1.2658,28.8,rejete,variabilite_continue;eclipse_secondaire,4,11.3,ok
TIC 89182459,56.0624,-27.7154,10.5,0,,,,,0,2.1,aucune_donnee
TIC 144498302,50.0606,-25.7433,10.5,0,,,,,0,2.1,aucune_donnee
TIC 166803578,57.9266,-32.0413,10.5,0,,,,,0,1.4,aucune_donnee
TIC 121596715,70.0097,-20.2223,10.5,0,,,,,1,4.1,ok
TIC 176797122,48.3842,-32.6849,10.5,0,,,,,0,6.1,aucune_donnee
TIC 166790102,57.6695,-32.4523,10.5,0,,,,,1,2.9,ok
TIC 142945301,53.0612,-34.3872,10.5,0,,,,,1,2.6,ok
TIC 176777233,47.8472,-29.9066,10.5,0,,,,,2,5.2,ok
TIC 89060587,54.2656,-28.1483,10.5,0,,,,,0,1.9,aucune_donnee
TIC 144514873,50.5138,-27.1756,10.51,0,,,,,1,2.7,ok
TIC 88409424,45.8034,-27.5183,10.51,0,,,,,1,3.2,ok
TIC 142960954,53.4304,-32.264,10.51,0,,,,,0,1.9,aucune_donnee
TIC 166742335,56.214,-29.983,10.51,0,,,,,1,3.0,ok
TIC 25031798,30.6256,-6.0668,10.51,0,,,,,1,4.2,ok
TIC 144497034,49.8435,-29.3485,10.51,0,,,,,0,1.9,aucune_donnee
TIC 407585566,49.8974,-32.8468,10.51,0,,,,,2,5.2,ok
TIC 144597174,52.9533,-26.9455,10.51,0,,,,,0,4.8,aucune_donnee
TIC 146382386,74.9161,-19.5609,10.51,0,,,,,0,16.1,aucune_donnee
TIC 144651342,53.8245,-24.0535,10.51,0,,,,,0,4.6,aucune_donnee
TIC 89146788,55.69,-28.7019,10.51,0,,,,,0,5.4,aucune_donnee
TIC 408929542,92.231,-16.1363,10.51,0,,,,,0,3.6,aucune_donnee
TIC 89263345,58.6992,-29.0932,10.51,0,,,,,0,3.7,aucune_donnee
TIC 146438872,75.5318,-22.7118,10.51,0,,,,,1,3.9,ok
TIC 209404588,44.6427,-30.3866,10.51,0,,,,,3,6.8,ok
TIC 88365774,44.679,-29.0894,10.51,0,,,,,2,4.6,ok
TIC 168785562,63.1,-34.7067,10.52,0,,,,,1,2.7,ok
TIC 178155665,42.9972,-30.3737,10.52,0,,,,,1,3.6,ok
TIC 88465959,46.7692,-26.5777,10.52,0,,,,,1,3.1,ok
TIC 46482472,84.0735,-17.9598,10.52,0,,,,,1,3.3,ok
TIC 139765936,67.998,-19.8934,10.52,0,,,,,1,3.0,ok
TIC 65347156,39.6802,-28.2162,10.52,0,,,,,1,3.9,ok
TIC 168674991,61.2975,-31.4936,10.52,0,,,,,0,2.4,aucune_donnee
TIC 166763801,57.1365,-34.4696,10.52,0,,,,,0,1.3,aucune_donnee
TIC 88405265,45.2838,-29.0542,10.52,0,,,,,1,2.5,ok
TIC 52111781,98.9663,-31.2127,10.52,0,,,,,4,7.9,ok
TIC 59711686,93.8616,-18.8422,10.52,0,,,,,0,3.8,aucune_donnee
TIC 209456892,46.5969,-30.161,10.52,0,,,,,0,4.4,aucune_donnee
TIC 97484419,43.6677,-22.2668,10.52,0,,,,,3,7.2,ok
TIC 166933642,60.2503,-34.2565,10.52,0,,,,,0,3.1,aucune_donnee
TIC 166899611,60.0177,-30.9072,10.52,0,,,,,0,2.4,aucune_donnee
TIC 166875136,59.5367,-30.2742,10.52,0,,,,,3,6.9,ok
TIC 146523151,76.7655,-19.2886,10.52,0,,,,,0,14.8,aucune_donnee
TIC 48519734,99.775,-23.5454,10.52,0,,,,,0,2.0,aucune_donnee
TIC 166792027,57.9204,-34.8186,10.52,0,,,,,0,1.3,aucune_donnee
TIC 88524923,48.3249,-29.547,10.53,0,,,,,1,3.9,ok
TIC 59842231,94.0761,-20.587,10.53,0,,,,,1,2.6,ok
TIC 144503741,50.1352,-28.7275,10.53,0,,,,,0,2.6,aucune_donnee
TIC 24587880,83.6766,-33.3311,10.53,0,,,,,3,7.1,ok
TIC 651714557,55.4275,-18.7007,10.53,0,,,,,1,2.5,ok
TIC 209463913,47.4636,-33.4144,10.53,0,,,,,1,3.7,ok
TIC 24399433,81.6254,-30.4802,10.53,0,,,,,3,7.6,ok
TIC 168674428,61.1086,-31.0389,10.53,0,,,,,0,2.7,aucune_donnee
TIC 142944176,52.8188,-31.2702,10.53,0,,,,,0,2.0,aucune_donnee
TIC 89045198,47.5575,-30.1852,10.53,0,,,,,1,3.7,ok
TIC 144653562,54.0774,-24.2806,10.53,0,,,,,0,1.9,aucune_donnee
TIC 88523474,48.0283,-26.4088,10.53,0,,,,,0,1.8,aucune_donnee
TIC 166792158,57.8861,-34.1062,10.53,0,,,,,0,1.3,aucune_donnee
TIC 178155716,42.943,-30.7203,10.53,0,,,,,0,2.1,aucune_donnee
TIC 88338589,43.8971,-29.4164,10.53,0,,,,,1,3.7,ok
TIC 166748307,56.5029,-33.3324,10.53,0,,,,,0,2.6,aucune_donnee
TIC 88524706,48.1597,-28.9521,10.53,0,,,,,0,5.7,aucune_donnee
TIC 65451701,42.4612,-29.885,10.53,0,,,,,0,4.1,aucune_donnee
TIC 88482318,47.3795,-28.9812,10.53,0,,,,,1,3.8,ok
TIC 89183349,56.2392,-27.6507,10.53,0,,,,,0,2.4,aucune_donnee
TIC 144652971,54.1823,-27.5351,10.54,0,,,,,0,1.8,aucune_donnee
TIC 317025202,86.3918,-15.2534,10.54,0,,,,,0,8.1,aucune_donnee
TIC 389835277,77.9512,-19.1003,10.54,0,,,,,0,15.6,aucune_donnee
TIC 77996314,79.8672,-33.199,10.54,0,,,,,4,9.8,ok
TIC 257554758,46.3715,-21.846,10.54,0,,,,,0,1.8,aucune_donnee
TIC 166778633,57.5491,-30.3918,10.54,0,,,,,0,1.5,aucune_donnee
TIC 166874926,59.5973,-31.2401,10.54,0,,,,,0,1.8,aucune_donnee
TIC 93098876,84.6652,-21.3759,10.54,0,,,,,3,7.1,ok
TIC 121594653,69.7935,-20.207,10.54,0,,,,,1,3.3,ok
TIC 144496421,49.7028,-27.0416,10.54,0,,,,,1,2.9,ok
TIC 423396748,31.263,-6.4126,10.54,0,,,,,?,272.1,timeout
TIC 92845908,82.581,-19.2712,10.54,0,,,,,0,10.7,aucune_donnee
TIC 65517157,43.3585,-28.5095,10.54,0,,,,,1,4.0,ok
TIC 124983670,95.6018,-31.1298,10.54,0,,,,,1,2.6,ok
TIC 143314348,91.1548,-31.2858,10.54,0,,,,,2,4.9,ok
TIC 408248500,51.2077,-27.6833,10.54,0,,,,,0,2.5,aucune_donnee
TIC 144621254,53.695,-29.3506,10.54,0,,,,,0,2.5,aucune_donnee
TIC 46482498,84.1854,-17.9085,10.54,0,,,,,1,3.2,ok
TIC 166700814,55.5757,-34.9514,10.54,0,,,,,1,3.6,ok
TIC 100528787,86.1583,-34.0488,10.54,0,,,,,1,3.1,ok
TIC 166712753,55.6619,-30.5459,10.55,0,,,,,0,1.8,aucune_donnee
TIC 176778912,48.004,-30.8629,10.55,0,,,,,0,5.3,aucune_donnee
TIC 168750985,62.6975,-31.871,10.55,0,,,,,0,5.0,aucune_donnee
TIC 44681932,60.3258,-29.6121,10.55,0,,,,,0,1.3,aucune_donnee
TIC 178945595,68.7033,-27.4846,10.55,0,,,,,3,7.5,ok
TIC 146343527,74.2548,-19.3915,10.55,0,,,,,0,6.0,aucune_donnee
TIC 166700736,55.4736,-34.5607,10.55,0,,,,,0,2.8,aucune_donnee
TIC 89044822,47.6074,-32.5587,10.55,0,,,,,0,2.1,aucune_donnee
TIC 88347534,44.3297,-28.4909,10.55,0,,,,,1,3.6,ok
TIC 142869396,51.0677,-33.4064,10.55,0,,,,,0,2.8,aucune_donnee
TIC 100479167,85.643,-34.2616,10.55,0,,,,,2,4.3,ok
TIC 44668032,59.7189,-28.1173,10.55,0,,,,,0,1.9,aucune_donnee
TIC 142886420,51.8276,-33.1648,10.55,0,,,,,0,2.2,aucune_donnee
TIC 589445,71.6466,-29.5237,10.55,0,,,,,3,7.2,ok
TIC 166848593,58.6413,-34.6968,10.55,0,,,,,0,2.6,aucune_donnee
TIC 143028115,54.4902,-32.6881,10.55,0,,,,,0,3.3,aucune_donnee
TIC 423782008,52.0287,-24.8813,10.55,0,,,,,0,3.1,aucune_donnee
TIC 88480747,47.2319,-28.2891,10.55,0,,,,,1,3.6,ok
TIC 168633490,60.6261,-31.1383,10.55,0,,,,,0,4.7,aucune_donnee
TIC 369555740,26.839,-7.7554,10.55,0,,,,,1,3.5,ok
TIC 423781493,51.9106,-25.7166,10.56,0,,,,,0,1.9,aucune_donnee
TIC 317025485,86.3542,-14.8008,10.56,0,,,,,2,4.9,ok
TIC 398844443,78.6925,-18.9274,10.56,0,,,,,0,13.8,aucune_donnee
TIC 178284957,60.3585,-21.7325,10.56,0,,,,,0,3.7,aucune_donnee
TIC 209429630,45.2593,-30.2102,10.56,0,,,,,1,3.6,ok
TIC 88338460,43.894,-28.593,10.56,0,,,,,1,3.0,ok
TIC 44629319,50.0068,-31.2726,10.56,0,,,,,0,3.9,aucune_donnee
TIC 88405323,45.2523,-29.3507,10.56,0,,,,,1,2.6,ok
TIC 176777448,47.7876,-31.2231,10.56,0,,,,,0,3.0,aucune_donnee
TIC 168696195,61.4044,-30.8996,10.56,0,,,,,0,4.6,aucune_donnee
TIC 143141922,89.5491,-35.0136,10.56,0,,,,,3,6.8,ok
TIC 144504382,50.1014,-25.203,10.56,0,,,,,0,2.8,aucune_donnee
TIC 168703438,62.1262,-30.214,10.56,0,,,,,0,31.6,aucune_donnee
TIC 24923821,27.8178,-9.1221,10.56,0,,,,,2,5.5,ok
TIC 453121720,91.6967,-36.9595,10.57,0,,,,,3,7.4,ok
TIC 685716116,73.6938,-36.7892,10.57,0,,,,,3,7.5,ok
TIC 398873779,78.9882,-18.7275,10.57,0,,,,,0,9.0,aucune_donnee
TIC 88338227,43.9483,-27.1838,10.57,0,,,,,0,6.3,aucune_donnee
TIC 144540260,52.3269,-27.8807,10.57,0,,,,,0,5.4,aucune_donnee
TIC 88523013,48.0383,-29.2528,10.57,0,,,,,0,3.0,aucune_donnee
TIC 166790633,57.786,-29.9334,10.57,0,,,,,2,4.8,ok
TIC 176780322,48.3051,-33.974,10.57,0,,,,,3,6.6,ok
TIC 209459275,46.8185,-31.1632,10.57,0,,,,,?,1008.2,timeout
TIC 382325687,29.3526,-6.869,10.57,0,,,,,?,152.6,timeout
TIC 144538598,52.2014,-28.9208,10.57,0,,,,,1,2.9,ok
TIC 144522836,50.9092,-25.597,10.57,0,,,,,0,2.5,aucune_donnee
TIC 89063135,54.6,-29.5821,10.57,0,,,,,0,1.8,aucune_donnee
TIC 209461632,47.0956,-32.1137,10.57,0,,,,,?,0.6,erreur
TIC 176842972,49.3351,-31.1254,10.57,0,,,,,0,5.7,aucune_donnee
TIC 287187481,27.2693,-6.6149,10.57,0,,,,,3,7.1,ok
TIC 142943540,52.9239,-34.9509,10.57,0,,,,,0,9.6,aucune_donnee
TIC 166700927,55.5697,-35.5695,10.57,0,,,,,0,1.9,aucune_donnee
TIC 269853543,59.1968,-28.1214,10.57,0,,,,,0,1.3,aucune_donnee
TIC 88405602,45.2927,-28.8586,10.57,0,,,,,2,6.0,ok
TIC 166714687,56.0102,-32.3448,10.57,0,,,,,1,2.9,ok
TIC 423439146,34.665,-10.0684,10.57,0,,,,,2,5.1,ok
TIC 176781081,48.4083,-30.6217,10.58,0,,,,,0,3.9,aucune_donnee
TIC 257432633,56.977,-29.1692,10.58,0,,,,,0,2.3,aucune_donnee
TIC 139552249,64.4136,-20.1026,10.58,0,,,,,0,8.1,aucune_donnee
TIC 144601753,53.4341,-27.3145,10.58,0,,,,,0,7.4,aucune_donnee
TIC 143022982,54.4146,-31.0484,10.58,0,,,,,0,5.9,aucune_donnee
TIC 146440697,75.7796,-19.4755,10.58,0,,,,,0,20.4,aucune_donnee
TIC 71128878,67.1112,-16.9325,10.58,0,,,,,1,3.6,ok
TIC 143028845,54.7083,-30.8679,10.58,0,,,,,0,4.8,aucune_donnee
TIC 25062277,31.0096,-7.07,10.58,0,,,,,2,6.0,ok
TIC 423832989,62.4944,-36.1533,10.58,0,,,,,2,4.8,ok
TIC 88570855,48.8564,-27.6965,10.58,0,,,,,0,4.8,aucune_donnee
TIC 176831440,48.9917,-32.3243,10.58,0,,,,,0,8.0,aucune_donnee
TIC 299102626,21.4713,-10.1428,10.58,0,,,,,0,8.4,aucune_donnee
TIC 37076152,90.381,-28.0495,10.58,0,,,,,0,21.9,aucune_donnee
TIC 13021554,75.4022,-24.2438,10.58,0,,,,,3,7.6,ok
TIC 65480713,42.5028,-29.5151,10.58,0,,,,,1,3.2,ok
TIC 143028162,54.5511,-32.4571,10.59,0,,,,,0,1.8,aucune_donnee
TIC 176796997,48.3787,-32.0056,10.59,0,,,,,?,140.6,timeout
TIC 143029113,54.6494,-32.2234,10.59,0,,,,,?,139.0,timeout
TIC 44670223,59.9336,-29.2018,10.59,0,,,,,0,2.9,aucune_donnee
TIC 209452228,45.8318,-31.2669,10.59,0,,,,,0,5.3,aucune_donnee
TIC 49707740,95.9967,-27.293,10.59,0,,,,,1,2.7,ok
TIC 142939745,52.7177,-30.828,10.59,0,,,,,0,3.2,aucune_donnee
TIC 144481230,49.2876,-25.714,10.59,0,,,,,0,4.0,aucune_donnee
TIC 248963994,22.5015,-0.752,10.59,0,,,,,2,5.1,ok
TIC 442932272,81.08,-16.0213,10.59,0,,,,,1,2.7,ok
TIC 144504005,50.114,-27.3463,10.59,0,,,,,0,1.6,aucune_donnee
TIC 89263725,58.8824,-28.39,10.59,0,,,,,0,3.9,aucune_donnee
TIC 24464738,82.771,-30.1992,10.59,0,,,,,4,9.0,ok
TIC 178271032,59.6671,-23.4583,10.6,0,,,,,2,4.6,ok
TIC 142867446,50.7278,-33.7895,10.6,0,,,,,1,2.5,ok
TIC 142939064,52.54,-32.7969,10.6,0,,,,,1,2.7,ok
TIC 142888822,51.908,-34.4543,10.6,0,,,,,1,2.5,ok
TIC 166875553,59.7093,-31.1834,10.6,0,,,,,0,2.7,aucune_donnee
TIC 166699835,55.3513,-30.1584,10.6,0,,,,,0,4.7,aucune_donnee
TIC 166774249,57.2846,-31.5294,10.6,0,,,,,2,4.7,ok
TIC 89114995,55.4885,-26.655,10.6,0,,,,,0,2.7,aucune_donnee
TIC 269853557,59.2555,-27.9706,10.6,0,,,,,0,2.7,aucune_donnee
TIC 65345366,39.3379,-28.639,10.6,0,,,,,1,3.3,ok
TIC 89095496,54.725,-27.2213,10.6,0,,,,,0,1.2,aucune_donnee
TIC 121711329,73.154,-18.8287,10.6,0,,,,,2,5.7,ok
TIC 302439949,33.713,-15.2462,10.6,0,,,,,3,7.0,ok
TIC 88525424,48.2682,-26.5295,10.6,0,,,,,0,4.8,aucune_donnee
TIC 144514750,50.543,-26.5189,10.6,0,,,,,0,2.5,aucune_donnee
TIC 92228371,48.9445,-29.284,10.6,0,,,,,1,3.5,ok
TIC 47773142,98.06,-20.8611,10.6,0,,,,,0,8.6,aucune_donnee
TIC 142850492,50.0653,-31.1869,10.6,0,,,,,0,4.9,aucune_donnee
TIC 168696816,61.5027,-31.7728,10.6,0,,,,,0,8.2,aucune_donnee
TIC 209463576,47.3892,-31.4782,10.61,0,,,,,0,4.4,aucune_donnee
TIC 139638039,65.3738,-20.3983,10.61,0,,,,,1,23.3,ok
TIC 166741888,56.2456,-32.2326,10.61,0,,,,,0,1.7,aucune_donnee
TIC 142937548,52.5068,-30.3887,10.61,0,,,,,2,4.1,ok
TIC 142868249,50.876,-33.4192,10.61,0,,,,,0,3.7,aucune_donnee
TIC 257432849,57.1335,-29.6214,10.61,0,,,,,0,1.9,aucune_donnee
TIC 144651730,53.9706,-25.7119,10.61,0,,,,,0,2.9,aucune_donnee
TIC 168674379,61.1216,-31.3181,10.61,0,,,,,2,5.3,ok
TIC 149965576,116.7291,-30.2756,10.61,0,,,,,0,6.6,aucune_donnee
TIC 143044054,55.2526,-31.6665,10.61,0,,,,,0,2.6,aucune_donnee
TIC 137862331,48.3144,-19.5438,10.61,0,,,,,2,4.7,ok
TIC 178154213,42.6509,-31.8828,10.61,0,,,,,3,6.6,ok
TIC 72705652,33.967,-27.0159,10.61,0,,,,,3,6.9,ok
TIC 143028844,54.7561,-30.8651,10.62,0,,,,,0,2.6,aucune_donnee
TIC 121078227,56.5228,-21.5079,10.62,0,,,,,2,4.2,ok
TIC 146594603,77.6499,-18.4725,10.62,0,,,,,1,3.0,ok
TIC 44646438,59.3188,-29.4984,10.62,0,,,,,0,4.1,aucune_donnee
TIC 7648434,64.6539,-36.2642,10.62,0,,,,,0,13.6,aucune_donnee
TIC 44646249,59.2999,-28.3489,10.62,0,,,,,0,3.8,aucune_donnee
TIC 306368940,91.4836,-14.834,10.62,0,,,,,0,14.9,aucune_donnee
TIC 77839925,77.9324,-35.2606,10.62,0,,,,,2,4.8,ok
TIC 13094689,76.3127,-25.8174,10.62,0,,,,,2,5.0,ok
TIC 53170695,102.8811,-30.0547,10.62,0,,,,,1,2.7,ok
TIC 142875270,51.4789,-32.7834,10.62,0,,,,,0,8.4,aucune_donnee
TIC 142850983,50.2396,-31.7897,10.62,0,,,,,0,9.4,aucune_donnee
TIC 88480182,47.0922,-28.1704,10.62,0,,,,,0,3.8,aucune_donnee
TIC 77256197,69.8035,-36.6835,10.62,0,,,,,3,7.3,ok
TIC 152371865,65.3675,-27.9854,10.62,0,,,,,2,4.4,ok
TIC 257432757,57.0399,-29.7427,10.62,0,,,,,0,2.5,aucune_donnee
TIC 143141409,89.3853,-35.671,10.62,0,,,,,0,8.7,aucune_donnee
TIC 88409747,45.7323,-29.1838,10.63,0,,,,,0,10.0,aucune_donnee
TIC 78109730,81.0127,-34.3103,10.63,0,,,,,3,6.4,ok
TIC 166969004,60.3767,-30.3068,10.63,0,,,,,0,4.9,aucune_donnee
TIC 91541882,43.6356,-31.2971,10.63,0,,,,,2,4.9,ok
TIC 209461151,47.0565,-30.3624,10.63,0,,,,,0,11.2,aucune_donnee
TIC 423764347,51.6707,-26.0005,10.63,0,,,,,0,4.2,aucune_donnee
TIC 122670341,42.1521,-29.9804,10.63,0,,,,,0,4.7,aucune_donnee
TIC 25031934,30.7054,-6.2232,10.63,0,,,,,0,5.1,aucune_donnee
TIC 166764342,57.0284,-31.891,10.63,0,,,,,0,2.7,aucune_donnee
TIC 121006547,55.2081,-19.3951,10.63,0,,,,,1,3.3,ok
TIC 166869548,58.9777,-32.9968,10.63,0,,,,,1,2.7,ok
TIC 166773982,57.2698,-30.7854,10.63,0,,,,,0,5.3,aucune_donnee
TIC 300031791,99.0945,-29.1304,10.63,0,,,,,2,6.2,ok
TIC 88507857,47.711,-27.9236,10.64,0,,,,,1,3.2,ok
TIC 176842642,49.4397,-33.0794,10.64,0,,,,,1,3.3,ok
TIC 398705526,31.8389,-5.9267,10.64,0,,,,,0,4.6,aucune_donnee
TIC 166778190,57.3624,-30.6016,10.64,0,,,,,0,3.5,aucune_donnee
TIC 121133363,57.8449,-20.387,10.64,0,,,,,0,7.4,aucune_donnee
TIC 121089579,57.1137,-19.7444,10.64,0,,,,,1,2.8,ok
TIC 317330474,87.5079,-15.6002,10.64,0,,,,,3,6.7,ok
TIC 146343651,74.3714,-19.7631,10.64,0,,,,,0,20.9,aucune_donnee
TIC 89060999,54.441,-29.4572,10.64,0,,,,,0,5.8,aucune_donnee
TIC 144620986,53.6683,-27.8664,10.64,0,,,,,0,6.6,aucune_donnee
TIC 88570709,48.7836,-28.5576,10.64,0,,,,,1,3.4,ok
TIC 142887393,51.7904,-29.9398,10.64,0,,,,,0,1.8,aucune_donnee
TIC 166715200,56.119,-30.087,10.64,0,,,,,1,3.0,ok
TIC 71336106,43.5199,-28.5024,10.64,0,,,,,1,3.3,ok
TIC 209429386,45.2623,-31.5461,10.64,0,,,,,0,1.8,aucune_donnee
TIC 142929832,52.1823,-30.0565,10.64,0,,,,,0,1.8,aucune_donnee
TIC 248962112,22.2866,-2.3595,10.64,0,,,,,4,9.2,ok
TIC 89263474,58.7411,-29.9213,10.64,0,,,,,0,4.4,aucune_donnee
TIC 32550424,20.825,-12.9372,10.65,0,,,,,2,5.2,ok
TIC 317689616,88.7227,-15.9194,10.65,0,,,,,1,3.1,ok
TIC 325691002,56.7008,-28.6165,10.65,0,,,,,1,2.6,ok
TIC 47601197,97.4081,-21.9944,10.65,0,,,,,1,2.5,ok
TIC 143030532,54.7692,-32.8335,10.65,0,,,,,1,2.6,ok
TIC 24462176,82.5189,-34.5585,10.65,0,,,,,5,10.7,ok
TIC 142982464,53.8782,-34.6839,10.65,0,,,,,1,2.6,ok
TIC 257527578,46.2927,-21.9337,10.65,0,,,,,1,2.6,ok
TIC 144514505,50.5275,-25.2411,10.65,0,,,,,0,2.8,aucune_donnee
TIC 144505344,50.2461,-27.9359,10.65,0,,,,,0,2.9,aucune_donnee
TIC 142937917,52.5094,-32.4878,10.65,0,,,,,1,2.9,ok
TIC 778358,75.2093,-28.065,10.65,0,,,,,1,3.0,ok
TIC 89204755,57.9182,-27.0849,10.65,0,,,,,0,4.6,aucune_donnee
TIC 117767849,96.4224,-32.6081,10.65,0,,,,,0,21.0,aucune_donnee
TIC 143043793,55.1985,-30.3143,10.65,0,,,,,0,5.2,aucune_donnee
TIC 88454549,46.3376,-28.3171,10.65,0,,,,,1,3.5,ok
TIC 279328510,43.6449,-29.0111,10.65,0,,,,,1,3.2,ok
TIC 65451772,42.4621,-29.4372,10.65,0,,,,,1,3.1,ok
TIC 257433026,57.2004,-28.7393,10.66,0,,,,,0,1.7,aucune_donnee
TIC 408249892,51.3867,-27.341,10.66,0,,,,,1,2.5,ok
TIC 88415988,45.9473,-27.4095,10.66,0,,,,,2,5.0,ok
TIC 439401829,18.007,-16.6391,10.66,0,,,,,1,3.0,ok
TIC 317692368,88.9024,-15.7238,10.66,0,,,,,0,23.2,aucune_donnee
TIC 144503374,49.9911,-29.1385,10.66,0,,,,,0,6.0,aucune_donnee
TIC 423396913,31.328,-6.3662,10.66,0,,,,,0,3.4,aucune_donnee
TIC 65416038,40.924,-28.3442,10.66,0,,,,,3,6.4,ok
TIC 35664237,23.4659,-4.7239,10.66,0,,,,,1,3.4,ok
TIC 142982294,53.7912,-34.0297,10.66,0,,,,,0,3.1,aucune_donnee
TIC 142978910,53.7317,-30.4409,10.66,0,,,,,0,4.0,aucune_donnee
TIC 121636425,70.2664,-23.4875,10.66,0,,,,,1,3.2,ok
TIC 10880919,26.4117,-9.3833,10.66,0,,,,,3,6.4,ok
TIC 142960773,53.4159,-33.1383,10.66,0,,,,,1,2.5,ok
TIC 44897584,63.938,-25.5706,10.67,0,,,,,4,8.1,ok
TIC 122670263,41.9441,-30.367,10.67,0,,,,,0,3.4,aucune_donnee
TIC 144539690,52.3494,-24.5432,10.67,0,,,,,0,2.9,aucune_donnee
TIC 129372561,118.8975,-25.8655,10.67,0,,,,,?,1011.1,timeout
TIC 166932608,60.1197,-30.1529,10.67,0,,,,,?,149.3,timeout
TIC 144598402,53.0601,-26.4701,10.67,0,,,,,0,6.9,aucune_donnee
TIC 142875040,51.4155,-34.1335,10.67,0,,,,,0,6.8,aucune_donnee
TIC 144463567,49.1138,-29.2364,10.67,0,,,,,0,5.2,aucune_donnee
TIC 144576535,52.8063,-29.3344,10.67,0,,,,,0,4.2,aucune_donnee
TIC 166762689,56.9572,-31.5017,10.67,0,,,,,0,3.3,aucune_donnee
TIC 122686379,42.2269,-30.8712,10.67,0,,,,,0,3.6,aucune_donnee
TIC 317134140,86.7197,-17.0292,10.67,0,,,,,3,16.9,ok
TIC 284121349,18.586,-11.9019,10.67,0,,,,,1,10.6,ok
TIC 209458857,46.6817,-31.0742,10.67,0,,,,,2,15.5,ok
TIC 209459441,46.8737,-32.2646,10.67,0,,,,,0,10.3,aucune_donnee
TIC 146419215,75.023,-19.1868,10.68,0,,,,,0,18.8,aucune_donnee
TIC 142875966,51.5541,-30.9631,10.68,0,,,,,0,4.5,aucune_donnee
TIC 146323403,73.8819,-19.7488,10.68,0,,,,,0,33.0,aucune_donnee
TIC 1517288,75.2421,-31.7815,10.68,0,,,,,2,24.7,ok
TIC 142888304,51.9485,-32.7925,10.68,0,,,,,0,8.4,aucune_donnee
TIC 65481161,42.6722,-27.478,10.68,0,,,,,1,5.1,ok
TIC 88524246,48.1375,-26.2609,10.68,0,,,,,1,2.7,ok
TIC 144515009,50.5656,-27.8384,10.68,0,,,,,1,4.3,ok
TIC 166869806,59.0158,-31.7353,10.68,0,,,,,0,4.6,aucune_donnee
TIC 176841298,49.2261,-30.6087,10.68,0,,,,,0,8.9,aucune_donnee
TIC 29853348,23.8087,-7.2147,10.68,0,,,,,3,6.9,ok
TIC 121594633,69.8091,-20.1299,10.68,0,,,,,1,3.0,ok
TIC 325707446,56.7142,-27.9085,10.68,0,,,,,0,1.3,aucune_donnee
TIC 143350469,82.3307,-16.2884,10.68,0,,,,,2,5.2,ok
TIC 88338781,44.0086,-29.2061,10.68,0,,,,,1,3.2,ok
TIC 143023156,54.4634,-31.7983,10.68,0,,,,,0,2.8,aucune_donnee
TIC 89093851,54.6014,-29.3236,10.68,0,,,,,0,2.0,aucune_donnee
TIC 144597641,52.9763,-29.6207,10.69,0,,,,,2,4.9,ok
TIC 37307440,91.8942,-25.3826,10.69,0,,,,,1,2.9,ok
TIC 44646348,59.3128,-29.0177,10.69,0,,,,,2,5.2,ok
TIC 89263341,58.7334,-29.0854,10.69,0,,,,,2,4.9,ok
TIC 51833542,97.7893,-31.2659,10.69,0,,,,,0,10.1,aucune_donnee
TIC 178198273,43.5321,-30.1754,10.69,0,,,,,0,6.5,aucune_donnee
TIC 31355848,83.0982,-24.0706,10.69,0,,,,,0,11.0,aucune_donnee
TIC 144599375,53.2457,-26.5766,10.69,0,,,,,0,3.4,aucune_donnee
TIC 176852508,49.8253,-32.3705,10.69,0,,,,,1,3.0,ok
TIC 287222785,30.2594,-6.2518,10.69,0,,,,,1,3.2,ok
TIC 89062386,54.496,-26.0575,10.69,0,,,,,0,2.7,aucune_donnee
TIC 144600126,53.2598,-29.5638,10.69,0,,,,,0,5.5,aucune_donnee
TIC 209456191,46.4248,-33.4506,10.69,0,,,,,0,2.4,aucune_donnee
TIC 143043053,55.1012,-33.2222,10.69,0,,,,,0,2.1,aucune_donnee
TIC 168849605,64.7185,-35.0146,10.69,0,,,,,0,4.1,aucune_donnee
TIC 144621789,53.7831,-27.6354,10.69,0,,,,,0,4.0,aucune_donnee
TIC 89188641,57.7317,-28.1291,10.69,0,,,,,0,1.5,aucune_donnee
TIC 176833435,49.158,-32.9457,10.69,0,,,,,0,3.9,aucune_donnee
TIC 176830177,48.7725,-31.6571,10.7,0,,,,,0,7.1,aucune_donnee
TIC 92228490,48.8961,-28.5856,10.7,0,,,,,1,2.7,ok
TIC 178198192,43.3532,-30.332,10.7,0,,,,,3,6.5,ok
TIC 88478971,47.0062,-26.7578,10.7,0,,,,,2,5.7,ok
TIC 88524548,48.1636,-27.9771,10.7,0,,,,,1,3.4,ok
TIC 166875165,59.5962,-30.1649,10.7,0,,,,,0,1.4,aucune_donnee
TIC 142887231,51.8259,-30.5443,10.7,0,,,,,0,3.2,aucune_donnee
TIC 122670258,41.9003,-30.3988,10.7,0,,,,,0,2.0,aucune_donnee
TIC 88478508,46.9339,-29.6603,10.7,0,,,,,0,3.8,aucune_donnee
TIC 37770169,94.0101,-25.0316,10.7,0,,,,,3,6.3,ok
TIC 33626295,29.3063,-27.2514,10.7,0,,,,,2,5.8,ok
TIC 146523971,76.8231,-19.1522,10.7,0,,,,,0,11.9,aucune_donnee
TIC 89116110,55.5486,-27.109,10.7,0,,,,,0,2.6,aucune_donnee
TIC 166872303,59.2571,-31.4566,10.7,0,,,,,0,1.4,aucune_donnee
TIC 142875980,51.6306,-31.0466,10.7,0,,,,,0,4.0,aucune_donnee
TIC 317416319,87.8812,-15.9347,10.7,0,,,,,2,5.2,ok
TIC 176781013,48.3712,-30.1944,10.7,0,,,,,0,2.6,aucune_donnee
TIC 11528365,18.6677,-23.9608,10.7,0,,,,,2,5.0,ok
TIC 166778552,57.4584,-30.1994,10.7,0,,,,,0,1.8,aucune_donnee
TIC 142944895,53.0071,-32.3009,10.71,0,,,,,1,2.8,ok
TIC 142884522,51.5954,-32.8168,10.71,0,,,,,0,3.8,aucune_donnee
TIC 88462130,46.4948,-27.1845,10.71,0,,,,,1,3.5,ok
TIC 65451734,42.441,-29.641,10.71,0,,,,,0,4.1,aucune_donnee
TIC 142937702,52.4097,-31.3339,10.71,0,,,,,0,2.4,aucune_donnee
TIC 179034958,64.4047,-24.3308,10.71,0,,,,,3,6.5,ok
TIC 166848594,58.6401,-34.6973,10.71,0,,,,,0,1.5,aucune_donnee
TIC 144515266,50.5553,-29.2406,10.71,0,,,,,0,2.3,aucune_donnee
TIC 144621855,53.9073,-27.2854,10.71,0,,,,,0,2.3,aucune_donnee
TIC 88531904,48.3983,-26.3949,10.71,0,,,,,0,2.4,aucune_donnee
TIC 97469844,24.1655,-25.195,10.71,0,,,,,2,5.1,ok
TIC 24921216,27.4279,-7.5216,10.71,0,,,,,1,3.2,ok
TIC 142978390,53.766,-33.033,10.71,0,,,,,0,2.5,aucune_donnee
TIC 168727895,62.6111,-34.5293,10.71,0,,,,,0,7.4,aucune_donnee
TIC 100759593,88.1544,-34.6394,10.71,0,,,,,0,9.7,aucune_donnee
TIC 166715095,55.9604,-30.2049,10.71,0,,,,,0,2.5,aucune_donnee
TIC 91543208,43.7862,-31.983,10.71,0,,,,,2,4.8,ok
TIC 302515524,35.1573,-14.6277,10.71,0,,,,,2,4.9,ok
TIC 168752746,62.8797,-31.4384,10.71,0,,,,,3,6.2,ok
TIC 89263430,58.7381,-29.6226,10.71,0,,,,,0,2.5,aucune_donnee
TIC 33519227,87.9643,-21.219,10.71,0,,,,,1,3.4,ok
TIC 100663988,87.2862,-35.0049,10.71,0,,,,,0,16.5,aucune_donnee
TIC 178170982,43.1808,-30.7507,10.71,0,,,,,1,3.4,ok
TIC 143022579,54.3048,-30.5527,10.71,0,,,,,0,2.3,aucune_donnee
TIC 146379718,74.7724,-19.6349,10.71,0,,,,,0,14.0,aucune_donnee
TIC 146379597,74.8791,-19.2836,10.71,0,,,,,0,13.3,aucune_donnee
TIC 166700120,55.5663,-31.3515,10.71,0,,,,,0,2.0,aucune_donnee
TIC 44646309,59.3475,-28.7806,10.71,0,,,,,2,4.5,ok
TIC 170749770,68.245,-33.4968,10.71,0,,,,,?,285.0,timeout
TIC 97060572,105.852,-35.4945,10.71,0,,,,,3,7.0,ok
TIC 89150633,56.0001,-27.9644,10.72,0,,,,,0,1.7,aucune_donnee
TIC 117939959,71.5776,-14.5937,10.72,0,,,,,0,8.2,aucune_donnee
TIC 142867337,50.7236,-33.1255,10.72,0,,,,,0,3.6,aucune_donnee
TIC 209455137,46.3102,-32.5833,10.72,0,,,,,1,3.0,ok
TIC 89096215,54.9341,-28.9212,10.72,0,,,,,0,3.0,aucune_donnee
TIC 89254697,58.4847,-27.4264,10.72,0,,,,,0,2.8,aucune_donnee
TIC 168702100,61.9818,-35.9412,10.72,0,,,,,0,2.2,aucune_donnee
TIC 144597634,52.8585,-29.595,10.72,0,,,,,0,1.7,aucune_donnee
TIC 89150906,55.958,-26.3718,10.72,0,,,,,0,1.4,aucune_donnee
TIC 144516038,50.6576,-26.3905,10.72,0,,,,,1,3.6,ok
TIC 88478497,46.9736,-29.711,10.72,0,,,,,0,4.8,aucune_donnee
TIC 122617317,41.6861,-31.1791,10.72,0,,,,,5,10.8,ok
TIC 1114115,36.3902,-11.7844,10.72,0,,,,,2,5.1,ok
TIC 21444273,85.5535,-37.6383,10.72,0,,,,,4,9.0,ok
TIC 89095937,54.722,-29.5216,10.72,0,,,,,0,2.4,aucune_donnee
TIC 423430886,31.4907,-6.1026,10.73,0,,,,,0,2.2,aucune_donnee
TIC 144505651,50.3131,-29.44,10.73,0,,,,,2,5.0,ok
TIC 302459510,33.9575,-12.6727,10.73,0,,,,,2,5.4,ok
TIC 166835340,58.5841,-33.9827,10.73,0,,,,,0,1.5,aucune_donnee
TIC 33664569,30.0631,-24.7654,10.73,0,,,,,2,5.5,ok
TIC 142937545,52.4008,-30.3732,10.73,0,,,,,0,2.7,aucune_donnee
TIC 144521737,50.7523,-28.2422,10.73,0,,,,,1,3.0,ok
TIC 166870318,59.1994,-30.6866,10.73,0,,,,,0,1.7,aucune_donnee
TIC 209408612,45.0011,-30.068,10.73,0,,,,,0,4.6,aucune_donnee
TIC 31261564,82.2154,-25.8725,10.73,0,,,,,4,8.9,ok
TIC 209461545,47.0963,-31.6244,10.73,0,,,,,0,2.5,aucune_donnee
